code,date,open,high,low,close,change,volume,money,traded_market_value,market_value,turnover,adjust_price,report_type,report_date,PE_TTM,PS_TTM,PC_TTM,PB,adjust_price_f
sz000536,2014-12-31,14.760000,15.790000,14.440000,15.790000,0.069059,11012601.000000,163910056.170000,3955830380.000000,12302034570.000000,0.043958,44.576991,2014-09-30,2014-10-30,64.883029,1.903411,16.766583,4.316933,16.140004
sz000536,2014-12-30,15.570000,15.570000,14.750000,14.770000,-0.053205,10687612.000000,160817674.630000,3700292250.000000,11507349630.000000,0.042660,41.697410,2014-09-30,2014-10-30,60.691720,1.780454,15.683497,4.038068,15.097393
sz000536,2014-12-29,16.040000,16.100000,15.570000,15.600000,-0.035250,7198315.000000,113945302.380000,3908230140.000000,12154005020.000000,0.028733,44.040589,2014-09-30,2014-10-30,64.102282,1.880507,16.564828,4.264987,15.945788
sz000536,2014-12-26,16.060000,16.270000,15.680000,16.170000,0.008734,10904647.000000,173723659.480000,4051030860.000000,12598093670.000000,0.043527,45.649743,2014-09-30,2014-10-30,66.444449,1.949216,17.170073,4.420821,16.528415
sz000536,2014-12-25,15.950000,16.150000,15.860000,16.030000,0.006910,7171417.000000,114569756.950000,4015957000.000000,12489019260.000000,0.028625,45.254490,2014-09-30,2014-10-30,65.869148,1.932339,17.021408,4.382544,16.385306
sz000536,2014-12-24,15.630000,15.940000,15.610000,15.920000,0.022479,7616790.000000,120422665.900000,3988398960.000000,12403317950.000000,0.030403,44.943928,2014-09-30,2014-10-30,65.417115,1.919078,16.904598,4.352468,16.272860
sz000536,2014-12-23,15.840000,16.100000,15.480000,15.570000,-0.018285,7596970.000000,119784452.120000,3900714310.000000,12130631940.000000,0.030324,43.955844,2014-09-30,2014-10-30,63.978933,1.876888,16.532953,4.256780,15.915105
sz000536,2014-12-22,17.510000,17.530000,15.860000,15.860000,-0.099886,15825463.000000,256359423.940000,3973367310.000000,12356571770.000000,0.063169,44.774547,2014-09-30,2014-10-30,65.170577,1.911846,16.840889,4.336065,16.211532
sz000536,2014-12-19,17.980000,18.090000,17.380000,17.620000,-0.020022,10944791.000000,193043902.480000,4414295840.000000,13727792850.000000,0.043687,49.743195,2014-09-30,2014-10-30,72.402581,2.124004,18.709729,4.817240,18.010533
sz000536,2014-12-18,18.000000,18.270000,17.920000,17.980000,-0.007726,7090727.000000,128382539.760000,4504485760.000000,14008269890.000000,0.028303,50.759502,2014-09-30,2014-10-30,73.881843,2.167400,19.091989,4.915661,18.378507
sz000536,2014-12-17,18.490000,18.490000,18.000000,18.120000,-0.021598,10054002.000000,182629163.610000,4539559620.000000,14117344290.000000,0.040131,51.154724,2014-09-30,2014-10-30,74.457099,2.184276,19.240642,4.953935,18.521605
sz000536,2014-12-16,18.800000,18.880000,18.420000,18.520000,-0.014369,9076650.000000,168636160.090000,4639770650.000000,14428985450.000000,0.036230,52.283952,2014-09-30,2014-10-30,76.100722,2.232493,19.665375,5.063292,18.930465
sz000536,2014-12-15,18.360000,18.890000,18.310000,18.790000,0.026776,11984711.000000,223402686.640000,4707413100.000000,14639343230.000000,0.047838,53.046173,2014-09-30,2014-10-30,77.210155,2.265039,19.952066,5.137107,19.206442
sz000536,2014-12-12,18.160000,18.300000,18.080000,18.300000,0.007709,7617893.000000,138829753.770000,4584654590.000000,14257582810.000000,0.030407,51.662848,2014-09-30,2014-10-30,75.196688,2.205972,19.431761,5.003143,18.705582
sz000536,2014-12-11,18.470000,18.470000,17.980000,18.160000,-0.008192,14403949.000000,261424115.660000,4549580730.000000,14148508410.000000,0.057494,51.267626,2014-09-30,2014-10-30,74.621432,2.189097,19.283108,4.964869,18.562484
sz000536,2014-12-10,17.860000,18.400000,17.810000,18.310000,0.019488,9152604.000000,166288979.780000,4587159860.000000,14265373840.000000,0.036533,51.691080,2014-09-30,2014-10-30,75.237780,2.207178,19.442380,5.005877,18.715803
sz000536,2014-12-09,18.490000,18.760000,17.800000,17.960000,-0.031284,13799651.000000,254906830.710000,4499475210.000000,13992687830.000000,0.055082,50.702980,2014-09-30,2014-10-30,73.799574,2.164987,19.070729,4.910187,18.358042
sz000536,2014-12-08,18.660000,18.730000,18.450000,18.540000,-0.011200,10099992.000000,187623358.510000,4644781200.000000,14444567510.000000,0.040315,52.340397,2014-09-30,2014-10-30,76.182879,2.234903,19.686605,5.068758,18.950902
sz000536,2014-12-05,19.490000,19.490000,18.450000,18.750000,-0.039447,15773016.000000,298331165.110000,4697391990.000000,14608179110.000000,0.062959,52.933249,2014-09-30,2014-10-30,77.045792,2.260218,19.909592,5.126171,19.165556
sz000536,2014-12-04,19.250000,19.690000,19.170000,19.520000,0.014026,15353222.000000,299043342.640000,4890298220.000000,15208088330.000000,0.061284,55.107057,2014-09-30,2014-10-30,80.209829,2.353038,20.727219,5.336688,19.952628
sz000536,2014-12-03,18.810000,19.380000,18.450000,19.250000,0.023392,16678501.000000,314803956.460000,4822655780.000000,14997730560.000000,0.066574,54.344817,2014-09-30,2014-10-30,79.100367,2.320491,20.440520,5.262871,19.676643
sz000536,2014-12-02,18.610000,18.840000,18.600000,18.810000,0.012379,7482160.000000,140377556.910000,4712423650.000000,14654925290.000000,0.029866,53.102640,2014-09-30,2014-10-30,77.292345,2.267451,19.973305,5.142576,19.226888
sz000536,2014-12-01,19.000000,19.010000,18.500000,18.580000,-0.022620,8565458.000000,160353204.870000,4654802310.000000,14475731620.000000,0.034190,52.453320,2014-09-30,2014-10-30,76.347242,2.239725,19.729079,5.079694,18.991788
sz000536,2014-11-28,19.310000,19.310000,18.910000,19.010000,-0.014004,10530022.000000,200549359.460000,4762529160.000000,14810745860.000000,0.042031,53.667274,2014-09-30,2014-10-30,78.114185,2.291560,20.185679,5.197256,19.431325
sz000536,2014-11-27,19.030000,19.480000,18.970000,19.280000,0.015271,11843027.000000,227890088.550000,4830171610.000000,15021103640.000000,0.047272,54.429505,2014-09-30,2014-10-30,79.223633,2.324107,20.472374,5.271072,19.707306
sz000536,2014-11-26,19.070000,19.130000,18.920000,18.990000,-0.002626,7663874.000000,145689633.770000,4757518610.000000,14795163810.000000,0.030591,53.610814,2014-09-30,2014-10-30,78.032006,2.289149,20.164442,5.191788,19.410882
sz000536,2014-11-25,19.090000,19.090000,18.840000,19.040000,0.001578,8562241.000000,162468943.340000,4770044990.000000,14834118950.000000,0.034177,53.751967,2014-09-30,2014-10-30,78.237457,2.295176,20.217534,5.205458,19.461989
sz000536,2014-11-24,18.800000,19.280000,18.660000,19.010000,0.017121,12415967.000000,234656115.100000,4762529160.000000,14810745860.000000,0.049559,53.667280,2014-09-30,2014-10-30,78.114193,2.291560,20.185681,5.197257,19.431327
sz000536,2014-11-21,18.330000,18.710000,18.330000,18.690000,0.015761,7671745.000000,142398198.510000,4682360340.000000,14561432940.000000,0.030622,52.763909,2014-09-30,2014-10-30,76.799312,2.252987,19.845899,5.109772,19.104243
sz000536,2014-11-20,18.540000,18.540000,18.300000,18.400000,-0.010753,7128128.000000,131025618.800000,4609707340.000000,14335493100.000000,0.028452,51.945201,2014-09-30,2014-10-30,75.607660,2.218029,19.537961,5.030487,18.807813
sz000536,2014-11-19,18.730000,18.790000,18.430000,18.600000,-0.006941,6278933.000000,116642219.440000,4659812860.000000,14491313680.000000,0.025063,52.509839,2014-09-30,2014-10-30,76.429506,2.242138,19.750337,5.085168,19.012252
sz000536,2014-11-18,18.680000,18.840000,18.570000,18.730000,0.002677,6343630.000000,118662879.470000,4692381440.000000,14592597050.000000,0.025321,52.876857,2014-09-30,2014-10-30,76.963712,2.257810,19.888382,5.120710,19.145138
sz000536,2014-11-17,18.440000,18.770000,18.420000,18.680000,0.013015,8152567.000000,151680868.890000,4679855060.000000,14553641910.000000,0.032542,52.735684,2014-09-30,2014-10-30,76.758230,2.251782,19.835283,5.107039,19.094024
sz000536,2014-11-14,18.420000,18.500000,18.280000,18.440000,-0.003782,6153490.000000,113023094.320000,4619728450.000000,14366657220.000000,0.024562,52.058147,2014-09-30,2014-10-30,75.772056,2.222851,19.580443,5.041425,18.848708
sz000536,2014-11-13,18.940000,18.940000,18.350000,18.510000,-0.023219,9224071.000000,171060480.770000,4637265380.000000,14421194420.000000,0.036819,52.255778,2014-09-30,2014-10-30,76.059714,2.231290,19.654778,5.060564,18.920264
sz000536,2014-11-12,18.710000,19.120000,18.640000,18.950000,0.006908,5960888.000000,112487140.950000,4747497510.000000,14763999690.000000,0.023793,53.497947,2014-09-30,2014-10-30,77.867725,2.284330,20.121990,5.180858,19.370017
sz000536,2014-11-11,19.880000,19.940000,18.690000,18.820000,-0.052843,10650897.000000,204773746.020000,4714928920.000000,14662716310.000000,0.042514,53.130919,2014-09-30,2014-10-30,77.333505,2.268658,19.983941,5.145314,19.237126
sz000536,2014-11-10,19.950000,19.990000,19.770000,19.870000,-0.004010,5275724.000000,104743570.980000,4977982880.000000,15480774340.000000,0.021058,56.095155,2014-09-30,2014-10-30,81.648032,2.395229,21.098869,5.432377,20.310388
sz000536,2014-11-07,19.970000,20.060000,19.770000,19.950000,0.000502,6175400.000000,122815928.800000,4998025080.000000,15543102580.000000,0.024650,56.321002,2014-09-30,2014-10-30,81.976759,2.404873,21.183816,5.454249,20.392161
sz000536,2014-11-06,19.800000,20.000000,19.720000,19.940000,0.001004,5606238.000000,111438161.190000,4995519810.000000,15535311550.000000,0.022378,56.292743,2014-09-30,2014-10-30,81.935627,2.403666,21.173187,5.451512,20.381929
sz000536,2014-11-05,19.750000,20.070000,19.500000,19.920000,0.006061,8659399.000000,170427957.090000,4990509250.000000,15519729490.000000,0.034565,56.236282,2014-09-30,2014-10-30,81.853446,2.401255,21.151950,5.446044,20.361486
sz000536,2014-11-04,20.300000,20.300000,19.730000,19.800000,-0.027027,9466333.000000,189121492.880000,4960445950.000000,15426237140.000000,0.037786,55.897488,2014-09-30,2014-10-30,81.360321,2.386789,21.024521,5.413235,20.238819
sz000536,2014-11-03,20.160000,20.360000,19.910000,20.350000,0.007426,9820203.000000,197545752.310000,5098236110.000000,15854743730.000000,0.039198,57.450194,2014-09-30,2014-10-30,83.620328,2.453089,21.608535,5.563602,20.801008
sz000536,2014-10-31,20.490000,20.690000,20.000000,20.200000,-0.014153,11009529.000000,223725649.320000,5060656970.000000,15737878300.000000,0.043945,57.026714,2014-09-30,2014-10-30,83.003941,2.435006,21.449252,5.522592,20.647678
sz000536,2014-10-30,21.050000,21.090000,20.470000,20.490000,-0.025214,17064838.000000,352752713.020000,5133309970.000000,15963818130.000000,0.068116,57.845400,2014-09-30,2014-10-30,84.195561,2.469964,21.757182,5.601875,20.944100
sz000536,2014-10-29,20.100000,21.040000,19.960000,21.020000,0.045771,21363430.000000,443238649.370000,5266089580.000000,16376742660.000000,0.085274,59.341640,2014-06-30,2014-08-29,76.372777,2.810393,30.788129,7.861021,21.485844
sz000536,2014-10-28,19.570000,20.210000,19.560000,20.100000,0.028133,11129344.000000,221792375.160000,5035604220.000000,15659968010.000000,0.044424,56.744392,2014-06-30,2014-08-29,73.030116,2.687389,29.440604,7.516962,20.545458
sz000536,2014-10-27,19.600000,19.610000,19.350000,19.550000,-0.004582,5426226.000000,105778012.640000,4897814050.000000,15231461420.000000,0.021659,55.191684,2014-06-30,2014-08-29,71.031779,2.613853,28.635015,7.311274,19.983268
sz000536,2014-10-24,19.460000,19.750000,19.280000,19.640000,0.008731,8121496.000000,158834278.520000,4920361530.000000,15301580680.000000,0.032418,55.445737,2014-06-30,2014-08-29,71.358745,2.625885,28.766824,7.344929,20.075253
sz000536,2014-10-23,20.200000,20.200000,19.200000,19.470000,-0.028928,12608655.000000,246676038.930000,4877771850.000000,15169133190.000000,0.050328,54.965830,2014-06-30,2014-08-29,70.741104,2.603157,28.517835,7.281355,19.901493
sz000536,2014-10-22,20.810000,20.940000,20.000000,20.050000,-0.037446,14246196.000000,290964368.020000,5023077840.000000,15621012860.000000,0.056865,56.603249,2014-06-30,2014-08-29,72.848464,2.680704,29.367375,7.498265,20.494354
sz000536,2014-10-21,21.240000,21.290000,20.820000,20.830000,-0.018379,9085993.000000,190827183.920000,5218489350.000000,16228713120.000000,0.036267,58.805271,2014-06-30,2014-08-29,75.682470,2.784991,30.509846,7.789968,21.291641
sz000536,2014-10-20,21.140000,21.290000,21.060000,21.220000,0.005211,6860484.000000,145253471.520000,5316195100.000000,16532563240.000000,0.027384,59.906289,2014-06-30,2014-08-29,77.099481,2.837135,31.081086,7.935821,21.690287
sz000536,2014-10-17,21.550000,21.560000,20.870000,21.110000,-0.022233,10116445.000000,214430691.740000,5288637070.000000,16446861920.000000,0.040381,59.595735,2014-06-30,2014-08-29,76.699799,2.822427,30.919962,7.894681,21.577844
sz000536,2014-10-16,21.290000,21.720000,21.110000,21.590000,0.010295,13386868.000000,286812592.410000,5408890300.000000,16820831309.999998,0.053435,60.950856,2014-06-30,2014-08-29,78.443841,2.886605,31.623037,8.074195,22.068493
sz000536,2014-10-15,21.600000,21.680000,21.220000,21.370000,-0.013389,12772643.000000,273397436.060000,5353774240.000000,16649428670.000000,0.050983,60.329761,2014-06-30,2014-08-29,77.644491,2.857190,31.300795,7.991918,21.843613
sz000536,2014-10-14,21.640000,21.820000,21.560000,21.660000,-0.005053,11340325.000000,245941366.020000,5426427230.000000,16875368510.000002,0.045266,61.148478,2014-06-30,2014-08-29,78.698181,2.895964,31.725569,8.100374,22.140046
sz000536,2014-10-13,22.050000,22.060000,21.660000,21.770000,-0.010904,13532984.000000,295375593.330000,5453985260.000000,16961069829.999998,0.054018,61.459030,2014-06-30,2014-08-29,79.097862,2.910672,31.886692,8.141513,22.252488
sz000536,2014-10-10,21.960000,22.150000,21.860000,22.010000,0.002277,18238370.000000,401952712.030000,5514111880.000000,17148054520.000000,0.072800,62.136567,2014-06-30,2014-08-29,79.969853,2.942760,32.238217,8.231267,22.497804
sz000536,2014-10-09,22.090000,22.090000,21.800000,21.960000,-0.005435,20077396.000000,440520162.110000,5501585500.000000,17109099379.999998,0.080140,61.995404,2014-06-30,2014-08-29,79.788176,2.936074,32.164978,8.212567,22.446693
sz000536,2014-10-08,21.910000,22.090000,21.750000,22.080000,0.010064,21711834.000000,476696858.070000,5531648810.000000,17202591720.000000,0.086664,62.334190,2014-06-30,2014-08-29,80.224194,2.952119,32.340750,8.257446,22.569357
sz000536,2014-09-30,21.500000,22.090000,21.400000,21.860000,-0.008617,31450299.000000,686759115.980000,5476532750.000000,17031189090.000000,0.125536,61.713109,2014-06-30,2014-08-29,79.424862,2.922705,32.018515,8.175171,22.344483
sz000536,2014-09-29,22.910000,22.980000,21.990000,22.050000,-0.097421,75314406.000000,1675968087.930000,5524132980.000000,17179218640.000000,0.300623,62.249514,2014-06-30,2014-08-29,80.115215,2.948109,32.296817,8.246229,22.538699
sz000536,2014-09-26,24.430000,24.430000,24.430000,24.430000,-0.099853,1205600.000000,29452808.000000,6120388610.000000,19033483500.000000,0.004812,68.968493,2014-06-30,2014-08-29,88.762552,3.266317,35.782815,9.136296,24.971441
sz000536,2014-09-25,27.140000,27.140000,27.140000,27.140000,0.172965,1661100.000000,45082254.000000,6799318330.000000,21144852330.000000,0.006630,76.619145,2014-06-30,2014-08-29,98.608951,3.628648,39.752190,10.149782,27.741515
sz000536,2014-09-24,31.940000,33.550000,31.410000,33.550000,0.050078,18130690.000000,591133627.610000,5796689720.000000,23501557130.000000,0.104937,65.320913,2014-06-30,2014-08-29,84.068111,3.093569,33.890346,8.653099,23.650761
sz000536,2014-09-23,31.550000,32.950000,31.080000,31.950000,0.022727,10098950.000000,324587085.900000,5520245500.000000,22380767520.000000,0.058451,62.205772,2014-06-30,2014-08-29,80.058920,2.946037,32.274123,8.240434,22.522861
sz000536,2014-09-22,30.490000,31.750000,30.000000,31.240000,0.033069,11059294.000000,343517410.380000,5397573380.000000,21883417130.000000,0.064009,60.823438,2014-06-30,2014-08-29,78.279854,2.880570,31.556929,8.057316,22.022359
sz000536,2014-09-19,28.600000,30.240000,28.600000,30.240000,0.100036,11814511.000000,350296133.260000,5224795740.000000,21182923620.000000,0.068380,58.876453,2014-06-30,2014-08-29,75.774081,2.788362,30.546777,7.799398,21.317413
sz000536,2014-09-18,27.490000,27.610000,27.100000,27.490000,0.000000,1614485.000000,44204433.220000,4749657240.000000,19256566480.000000,0.009344,53.522296,2014-06-30,2014-08-29,68.883274,2.534792,27.768889,7.090129,19.378833
sz000536,2014-09-17,27.180000,27.900000,26.680000,27.490000,0.014391,2788346.000000,75571991.950000,4749657240.000000,19256566480.000000,0.016138,53.522296,2014-06-30,2014-08-29,68.883274,2.534792,27.768889,7.090129,19.378833
sz000536,2014-09-16,28.680000,28.700000,27.000000,27.100000,-0.057719,3898761.000000,108898419.430000,4682273960.000000,18983374010.000000,0.022565,52.762984,2014-06-30,2014-08-29,67.906038,2.498831,27.374936,6.989543,19.103908
sz000536,2014-09-15,28.640000,28.880000,28.480000,28.760000,-0.003465,3616484.000000,103533535.950000,4969084840.000000,20146193230.000000,0.020931,55.994957,2014-06-30,2014-08-29,72.065592,2.651896,29.051775,7.417684,20.274110
sz000536,2014-09-12,28.780000,28.970000,28.200000,28.860000,0.007330,3205687.000000,91632605.100000,4986362600.000000,20216242580.000000,0.018554,56.189654,2014-06-30,2014-08-29,72.316167,2.661117,29.152790,7.443476,20.344604
sz000536,2014-09-11,29.060000,29.200000,28.400000,28.650000,-0.014787,4845431.000000,139518400.830000,4950079300.000000,20069138950.000000,0.028044,55.780781,2014-06-30,2014-08-29,71.789947,2.641752,28.940655,7.389312,20.196563
sz000536,2014-09-10,28.990000,29.190000,28.600000,29.080000,0.007972,3468462.000000,100030079.610000,5024373680.000000,20370351150.000000,0.020075,56.617991,2014-06-30,2014-08-29,72.867438,2.681402,29.375023,7.500218,20.499692
sz000536,2014-09-09,28.480000,29.150000,28.480000,28.850000,0.014060,4591562.000000,132491176.140000,4984634830.000000,20209237650.000000,0.026575,56.170202,2014-06-30,2014-08-29,72.291133,2.660195,29.142698,7.440899,20.337561
sz000536,2014-09-05,28.260000,28.480000,28.120000,28.450000,0.006367,3530999.000000,100000396.710000,4915523770.000000,19929040250.000000,0.020437,55.391399,2014-06-30,2014-08-29,71.288812,2.623312,28.738633,7.337731,20.055579
sz000536,2014-09-04,27.650000,28.580000,27.650000,28.270000,0.018739,4631036.000000,130356998.410000,4884423800.000000,19802951410.000000,0.026803,55.040953,2014-06-30,2014-08-29,70.837788,2.606715,28.556811,7.291307,19.928693
sz000536,2014-09-03,27.990000,28.100000,27.700000,27.750000,-0.006800,3386783.000000,94342269.100000,4794579430.000000,19438694790.000000,0.019602,54.028513,2014-06-30,2014-08-29,69.534776,2.558766,28.031528,7.157188,19.562119
sz000536,2014-09-02,27.900000,28.190000,27.550000,27.940000,0.001793,5711202.000000,158769034.470000,4827407180.000000,19571788560.000000,0.033055,54.398422,2014-06-30,2014-08-29,70.010850,2.576285,28.223448,7.206190,19.696052
sz000536,2014-09-01,27.190000,27.970000,27.100000,27.890000,0.024614,4001801.000000,110788875.240000,4818768300.000000,19536763880.000000,0.023162,54.301061,2014-06-30,2014-08-29,69.885545,2.571674,28.172934,7.193293,19.660800
sz000536,2014-08-29,26.880000,27.430000,26.670000,27.220000,0.004799,2211853.000000,60015496.750000,4703007280.000000,19067433230.000000,0.012802,52.996602,2014-06-30,2014-08-29,68.206705,2.509895,27.496144,7.020490,19.188494
sz000536,2014-08-28,27.130000,28.080000,26.840000,27.090000,-0.011675,5807914.000000,159736886.840000,4680546190.000000,18976369080.000000,0.033615,52.743486,2014-03-31,2014-04-30,57.419152,2.816266,-449.186877,7.366278,19.096849
sz000536,2014-08-27,28.270000,28.270000,26.330000,27.410000,-0.023513,7745828.000000,209977324.700000,4735835030.000000,19200527000.000000,0.044831,53.366541,2014-03-31,2014-04-30,58.097440,2.849534,-454.493084,7.453296,19.322438
sz000536,2014-08-26,28.520000,29.000000,27.740000,28.070000,-0.012315,7375347.000000,209355322.580000,4849868270.000000,19662852710.000000,0.042687,54.651563,2014-03-31,2014-04-30,59.496378,2.918149,-465.436902,7.632765,19.787706
sz000536,2014-08-25,29.110000,29.800000,28.310000,28.420000,0.005662,9620142.000000,277854125.760000,4910340440.000000,19908025440.000000,0.055679,55.332989,2014-03-31,2014-04-30,60.238211,2.954534,-471.240225,7.727934,20.034430
sz000536,2014-08-22,30.750000,30.750000,27.500000,28.260000,0.011091,22310434.000000,649709963.270000,4882696020.000000,19795946480.000000,0.129128,55.021457,2014-03-31,2014-04-30,59.899063,2.937899,-468.587085,7.684425,19.921634
sz000536,2014-08-21,27.950000,27.950000,27.950000,27.950000,0.099961,258638.000000,7228932.100000,4829134950.000000,19578793490.000000,0.001497,54.417908,2014-03-31,2014-04-30,59.242010,2.905673,-463.446994,7.600132,19.703107
sz000536,2014-08-20,25.410000,25.410000,25.410000,25.410000,0.100000,246099.000000,6253375.590000,4390279760.000000,17799539990.000000,0.001424,49.472580,2014-03-31,2014-04-30,53.858282,2.641614,-421.330387,6.909456,17.912551
sz000536,2014-05-22,23.400000,23.590000,22.990000,23.100000,-0.021601,1338240.000000,31019976.670000,3991163410.000000,16181399990.000000,0.007745,44.975072,2014-03-31,2014-04-30,48.962075,2.401467,-383.027625,6.281323,16.284137
sz000536,2014-05-21,23.120000,23.650000,23.120000,23.610000,0.008974,376246.000000,8812682.760000,4079280010.000000,16538651680.000000,0.002178,45.968028,2014-03-31,2014-04-30,50.043055,2.454487,-391.484072,6.420002,16.643656
sz000536,2014-05-20,23.570000,23.570000,23.250000,23.400000,-0.002132,546091.000000,12756582.140000,4042996710.000000,16391548040.000000,0.003161,45.559180,2014-03-31,2014-04-30,49.597963,2.432656,-388.002141,6.362901,16.495625
sz000536,2014-05-19,23.700000,23.870000,23.000000,23.450000,-0.019239,882641.000000,20579235.620000,4047968730.000000,16426572720.000000,0.005113,45.656519,2014-03-31,2014-04-30,49.703931,2.437854,-388.831129,6.376496,16.530869
sz000536,2014-05-16,24.400000,24.400000,23.750000,23.910000,-0.014021,875766.000000,20956658.800000,4127374520.000000,16748799730.000000,0.005073,46.552136,2014-03-31,2014-04-30,50.678944,2.485676,-396.458596,6.501580,16.855145
sz000536,2014-05-15,24.020000,24.470000,24.010000,24.250000,0.004973,1006932.000000,24369767.290000,4186065750.000000,16986967520.000000,0.005833,47.214125,2014-03-31,2014-04-30,51.399618,2.521023,-402.096390,6.594035,17.094831
sz000536,2014-05-14,23.980000,24.300000,23.800000,24.130000,0.005836,619990.000000,14909707.600000,4165351200.000000,16902908300.000000,0.003592,46.980491,2014-03-31,2014-04-30,51.145272,2.508548,-400.106659,6.561405,17.010239
sz000536,2014-05-13,24.000000,24.100000,23.790000,23.990000,-0.004564,564455.000000,13480853.680000,4141184220.000000,16804839210.000000,0.003270,46.707904,2014-03-31,2014-04-30,50.848520,2.493993,-397.785185,6.523335,16.911544
sz000536,2014-05-12,23.660000,24.100000,23.610000,24.100000,0.018597,968904.000000,23119495.400000,4160172560.000000,16881893489.999998,0.005613,46.922056,2014-03-31,2014-04-30,51.081657,2.505428,-399.609000,6.553244,16.989082
sz000536,2014-05-09,23.700000,23.800000,23.600000,23.660000,-0.001266,1205198.000000,28570603.570000,4084219200.000000,16573676350.000000,0.006982,46.065378,2014-03-31,2014-04-30,50.149035,2.459685,-392.313153,6.433598,16.678904
sz000536,2014-05-08,23.010000,24.000000,22.900000,23.690000,0.016738,1878348.000000,44404088.730000,4089397840.000000,16594691160.000000,0.010881,46.123771,2014-03-31,2014-04-30,50.212604,2.462803,-392.810451,6.441753,16.700046
sz000536,2014-05-07,23.300000,23.510000,22.720000,23.300000,-0.016047,866843.000000,20136028.410000,4022075540.000000,16321498690.000000,0.005022,45.364461,2014-03-31,2014-04-30,49.385982,2.422259,-386.343828,6.335706,16.425123
sz000536,2014-05-06,23.660000,23.770000,23.010000,23.680000,0.000845,1206912.000000,28322439.690000,4087671630.000000,16587686220.000000,0.006992,46.104296,2014-03-31,2014-04-30,50.191403,2.461763,-392.644595,6.439034,16.692995
sz000536,2014-05-05,24.010000,24.180000,23.590000,23.660000,-0.025535,1514976.000000,36115868.400000,4084219200.000000,16573676350.000000,0.008776,46.065371,2014-03-31,2014-04-30,50.149027,2.459684,-392.313091,6.433597,16.678902
sz000536,2014-04-30,24.200000,25.150000,22.300000,24.280000,0.020597,4794946.000000,113309273.030000,4191244390.000000,17007982329.999998,0.027777,47.272474,2014-03-31,2014-04-30,51.463139,2.524138,-402.593311,6.602184,17.115958
sz000536,2014-04-10,23.500000,23.920000,23.500000,23.790000,0.005920,1066000.000000,25303180.130000,4106659970.000000,16664740510.000000,0.006175,46.318452,2013-09-30,2013-10-26,44.309437,3.570583,97.346039,6.949739,16.770535
sz000536,2014-04-09,23.390000,23.690000,23.230000,23.650000,0.013716,1409009.000000,33117157.730000,4082492990.000000,16566671420.000000,0.008162,46.045861,2013-09-30,2013-10-26,44.048669,3.549569,96.773142,6.908839,16.671838
sz000536,2014-04-08,23.340000,23.790000,23.050000,23.330000,-0.000428,2492496.000000,58327315.470000,4027254180.000000,16342513490.000000,0.014439,45.422841,2013-09-30,2013-10-26,43.452672,3.501542,95.463761,6.815359,16.446261
sz000536,2014-04-04,22.650000,23.380000,22.460000,23.340000,0.030464,3446083.000000,79362981.860000,4028980400.000000,16349518430.000000,0.019963,45.442291,2013-09-30,2013-10-26,43.471278,3.503041,95.504637,6.818278,16.453303
sz000536,2014-04-03,22.440000,22.650000,22.240000,22.650000,0.012517,2492497.000000,55984109.280000,3909871720.000000,15866177910.000000,0.014439,44.098863,2013-09-30,2013-10-26,42.186120,3.399480,92.681197,6.616706,15.966887
sz000536,2014-04-02,22.000000,22.500000,21.950000,22.370000,0.013593,1742681.000000,38890749.840000,3861537770.000000,15670039730.000000,0.010095,43.553701,2013-09-30,2013-10-26,41.664604,3.357454,91.535448,6.534909,15.769501
sz000536,2014-04-01,21.940000,22.200000,21.830000,22.070000,-0.001357,1517462.000000,33313020.100000,3809751380.000000,15459891680.000000,0.008791,42.969615,2013-09-30,2013-10-26,41.105852,3.312428,90.307893,6.447271,15.558020
sz000536,2014-03-31,21.490000,22.190000,21.290000,22.100000,0.036099,2178935.000000,47606978.930000,3814930020.000000,15480906480.000000,0.012623,43.028004,2013-09-30,2013-10-26,41.161708,3.316930,90.430607,6.456032,15.579161
sz000536,2014-03-28,21.460000,21.650000,21.130000,21.330000,-0.004202,950795.000000,20242222.170000,3682011650.000000,14941526480.000000,0.005508,41.528854,2013-09-30,2013-10-26,39.727582,3.201364,87.279890,6.231096,15.036364
sz000536,2014-03-27,21.600000,21.790000,21.400000,21.420000,-0.012903,1047986.000000,22564368.850000,3697547560.000000,15004570900.000000,0.006071,41.704095,2013-09-30,2013-10-26,39.895222,3.214872,87.648188,6.257389,15.099813
sz000536,2014-03-26,21.410000,21.850000,21.400000,21.700000,0.007896,856989.000000,18553121.420000,3745881520.000000,15200709080.000000,0.004965,42.249237,2013-09-30,2013-10-26,40.416719,3.256896,88.793896,6.339184,15.297193
sz000536,2014-03-25,21.630000,21.630000,21.400000,21.530000,-0.010115,1112237.000000,23906370.380000,3716535900.000000,15081625180.000000,0.006443,41.918250,2013-09-30,2013-10-26,40.100089,3.231381,88.098272,6.289522,15.177352
sz000536,2014-03-24,21.800000,21.930000,21.460000,21.750000,-0.015837,1330069.000000,28752626.090000,3754512580.000000,15235733760.000000,0.007705,42.346586,2013-09-30,2013-10-26,40.509846,3.264401,88.998491,6.353790,15.332440
sz000536,2014-03-21,21.300000,22.100000,20.800000,22.100000,0.033193,2174298.000000,46628400.270000,3814930020.000000,15480906480.000000,0.012596,43.028021,2013-09-30,2013-10-26,41.161724,3.316931,90.430642,6.456034,15.579167
sz000536,2014-03-20,21.460000,21.890000,21.210000,21.390000,-0.005116,1213115.000000,26118802.190000,3692368920.000000,14983556090.000000,0.007028,41.645676,2013-09-30,2013-10-26,39.839337,3.210369,87.525411,6.248624,15.078661
sz000536,2014-03-19,21.450000,21.860000,21.300000,21.500000,-0.016468,1992741.000000,42860476.500000,3711357260.000000,15060610380.000000,0.011544,41.859831,2013-09-30,2013-10-26,40.044203,3.226878,87.975493,6.280756,15.156200
sz000536,2014-03-18,22.010000,22.260000,21.440000,21.860000,-0.006815,1893433.000000,41035793.050000,3773500920.000000,15312788040.000000,0.010969,42.560720,2013-09-30,2013-10-26,40.714693,3.280908,89.448532,6.385919,15.409972
sz000536,2014-03-17,22.240000,22.460000,21.830000,22.010000,-0.012118,1063752.000000,23353469.230000,3799394110.000000,15417862070.000000,0.006162,42.852762,2013-09-30,2013-10-26,40.994067,3.303421,90.062306,6.429738,15.515711
sz000536,2014-03-14,21.910000,22.300000,21.880000,22.280000,0.014572,917298.000000,20253730.420000,3846001850.000000,15606995310.000000,0.005314,43.378422,2013-09-30,2013-10-26,41.496927,3.343942,91.167069,6.508609,15.706037
sz000536,2014-03-13,21.650000,21.960000,21.450000,21.960000,0.016667,995414.000000,21640923.700000,3790763050.000000,15382837390.000000,0.005766,42.755390,2013-09-30,2013-10-26,40.900919,3.295914,89.857663,6.415128,15.480456
sz000536,2014-03-12,21.500000,21.730000,21.410000,21.600000,0.003717,1093453.000000,23612734.630000,3728619390.000000,15130659730.000000,0.006334,42.054468,2013-09-30,2013-10-26,40.230399,3.241882,88.384558,6.309960,15.226673
sz000536,2014-03-11,21.750000,21.930000,21.500000,21.520000,-0.024036,1082260.000000,23441627.320000,3714809690.000000,15074620250.000000,0.006270,41.898731,2013-09-30,2013-10-26,40.081416,3.229876,88.057249,6.286593,15.170285
sz000536,2014-03-10,22.180000,22.180000,21.330000,22.050000,-0.013423,1242795.000000,26943463.090000,3806298960.000000,15445881810.000000,0.007200,42.930611,2013-09-30,2013-10-26,41.068540,3.309422,90.225919,6.441419,15.543898
sz000536,2014-03-07,21.860000,22.910000,21.850000,22.350000,0.021481,3135412.000000,70327417.770000,3858085340.000000,15656029860.000000,0.018164,43.514709,2013-09-30,2013-10-26,41.627303,3.354448,91.453499,6.529058,15.755383
sz000536,2014-03-06,22.100000,22.270000,21.500000,21.880000,-0.013081,961319.000000,21104023.070000,3776953340.000000,15326797910.000000,0.005569,42.599626,2013-09-30,2013-10-26,40.751911,3.283907,89.530299,6.391757,15.424058
sz000536,2014-03-05,21.660000,22.300000,21.510000,22.170000,0.008644,1288856.000000,28365579.040000,3827013510.000000,15529941030.000000,0.007466,43.164258,2013-09-30,2013-10-26,41.292052,3.327433,90.716968,6.476476,15.628495
sz000536,2014-03-04,22.380000,22.660000,21.660000,21.980000,-0.014792,1588160.000000,34900066.340000,3794215470.000000,15396847260.000000,0.009200,42.794344,2013-09-30,2013-10-26,40.938183,3.298917,89.939530,6.420973,15.494560
sz000536,2014-03-03,22.800000,23.150000,22.250000,22.310000,-0.024059,2514337.000000,56626378.680000,3851180490.000000,15628010120.000000,0.014566,43.436862,2013-09-30,2013-10-26,41.552832,3.348447,91.289890,6.517378,15.727197
sz000536,2014-02-28,21.200000,22.860000,20.800000,22.860000,0.073239,3085032.000000,67748626.950000,3946122190.000000,16013281550.000000,0.017872,44.507672,2013-09-30,2013-10-26,42.577197,3.430994,93.540378,6.678045,16.114905
sz000536,2014-02-27,22.200000,22.210000,20.800000,21.300000,-0.043986,3289715.000000,70170141.820000,3676833010.000000,14920511680.000000,0.019057,41.470420,2013-09-30,2013-10-26,39.671683,3.196859,87.157081,6.222328,15.015206
sz000536,2014-02-26,21.880000,22.630000,21.460000,22.280000,0.015034,2242291.000000,49336640.530000,3846001850.000000,15606995310.000000,0.012990,43.378465,2013-09-30,2013-10-26,41.496968,3.343946,91.167159,6.508616,15.706053
sz000536,2014-02-25,23.400000,23.610000,21.460000,21.950000,-0.061966,2068240.000000,47126869.960000,3789036830.000000,15375832460.000000,0.011981,42.735972,2013-09-30,2013-10-26,40.882343,3.294417,89.816853,6.412215,15.473425
sz000536,2014-02-24,24.200000,24.200000,23.100000,23.400000,-0.040984,2446213.000000,57562265.470000,4039337670.000000,16391548040.000000,0.014171,45.559087,2013-09-30,2013-10-26,43.583008,3.512045,95.750104,6.835802,16.495591
sz000536,2014-02-21,24.500000,24.730000,24.080000,24.400000,-0.009338,1675541.000000,40773916.850000,4211958940.000000,17092041550.000000,0.009706,47.506076,2013-09-30,2013-10-26,45.445548,3.662134,99.842030,7.127933,17.200538
sz000536,2014-02-20,24.810000,25.130000,24.330000,24.630000,-0.014406,3133643.000000,77681084.210000,4251661830.000000,17253155050.000000,0.018153,47.953869,2013-09-30,2013-10-26,45.873919,3.696653,100.783143,7.195121,17.362671
sz000536,2014-02-19,24.460000,25.100000,24.330000,24.990000,0.017508,4740741.000000,117433594.580000,4313805490.000000,17505332710.000000,0.027463,48.654790,2013-09-30,2013-10-26,46.544438,3.750685,102.256246,7.300289,17.616453
sz000536,2014-02-18,23.960000,24.990000,23.930000,24.560000,0.025042,5701177.000000,139365689.040000,4239578340.000000,17204120510.000000,0.033027,47.817599,2013-09-30,2013-10-26,45.743560,3.686148,100.496749,7.174675,17.313331
sz000536,2014-02-17,24.110000,24.270000,23.810000,23.960000,-0.002498,2649834.000000,63452415.480000,4136005580.000000,16783824399.999998,0.015351,46.649405,2013-09-30,2013-10-26,44.626035,3.596095,98.041591,6.999396,16.890363
sz000536,2014-02-14,24.010000,24.450000,23.970000,24.020000,-0.003320,3718838.000000,89838376.740000,4146362860.000000,16825854010.000002,0.021543,46.766227,2013-09-30,2013-10-26,44.737790,3.605100,98.287113,7.016924,16.932661
sz000536,2014-02-13,22.980000,24.570000,22.860000,24.100000,0.048738,5543078.000000,132140718.210000,4160172560.000000,16881893489.999998,0.032111,46.922008,2013-09-30,2013-10-26,44.886814,3.617109,98.614513,7.040298,16.989064
sz000536,2014-02-12,23.280000,23.350000,22.830000,22.980000,-0.012887,2667401.000000,61348541.750000,3966836740.000000,16097340770.000000,0.015452,44.741402,2013-09-30,2013-10-26,42.800789,3.449011,94.031601,6.713114,16.199532
sz000536,2014-02-11,23.510000,23.550000,23.080000,23.280000,-0.011045,2233928.000000,51974361.580000,4018623120.000000,16307488820.000000,0.012941,45.325511,2013-09-30,2013-10-26,43.359564,3.494039,95.259206,6.800756,16.411020
sz000536,2014-02-10,23.590000,23.660000,23.000000,23.540000,0.002129,3769916.000000,87841565.230000,4063504650.000000,16489617130.000000,0.021839,45.831723,2013-09-30,2013-10-26,43.843819,3.533062,96.323095,6.876709,16.594305
sz000536,2014-02-07,23.840000,23.840000,23.300000,23.490000,-0.020434,1826112.000000,42895559.550000,4054873590.000000,16454592460.000000,0.010579,45.734354,2013-09-30,2013-10-26,43.750673,3.525556,96.118458,6.862100,16.559050
sz000536,2014-01-30,23.720000,24.100000,23.660000,23.980000,0.008410,872967.000000,20873895.780000,4139458010.000000,16797834270.000000,0.005057,46.688385,2013-09-30,2013-10-26,44.663324,3.599100,98.123514,7.005245,16.904476
sz000536,2014-01-29,23.850000,23.850000,23.200000,23.780000,0.003376,1103619.000000,26127488.210000,4104933750.000000,16657735570.000000,0.006393,46.299010,2013-09-30,2013-10-26,44.290838,3.569084,97.305178,6.946822,16.763495
sz000536,2014-01-28,23.600000,23.900000,23.490000,23.700000,0.004237,1106943.000000,26194011.220000,4091124050.000000,16601696090.000000,0.006413,46.143231,2013-09-30,2013-10-26,44.141815,3.557075,96.977781,6.923448,16.707092
sz000536,2014-01-27,24.160000,24.240000,23.500000,23.600000,-0.026804,1504630.000000,35763580.510000,4073861920.000000,16531646740.000000,0.008716,45.948547,2013-09-30,2013-10-26,43.955575,3.542067,96.568620,6.894238,16.636603
sz000536,2014-01-24,24.090000,24.600000,24.090000,24.250000,-0.003288,1763805.000000,42842408.810000,4186065750.000000,16986967520.000000,0.010218,47.214073,2013-09-30,2013-10-26,45.166210,3.639624,99.228336,7.084120,17.094812
sz000536,2014-01-23,23.850000,24.400000,23.400000,24.330000,0.025717,2798764.000000,67331366.570000,4199875450.000000,17043007000.000000,0.016213,47.369825,2013-09-30,2013-10-26,45.315207,3.651630,99.555675,7.107490,17.151205
sz000536,2014-01-22,23.490000,23.800000,23.310000,23.720000,0.005511,1054350.000000,24866536.220000,4094576480.000000,16615705960.000000,0.006108,46.182158,2013-09-30,2013-10-26,44.179054,3.560076,97.059593,6.929289,16.721187
sz000536,2014-01-21,23.600000,23.800000,23.210000,23.590000,-0.001693,652531.000000,15344227.380000,4072135710.000000,16524641810.000000,0.003780,45.929043,2013-09-30,2013-10-26,43.936918,3.540564,96.527630,6.891311,16.629541
sz000536,2014-01-20,23.800000,23.980000,23.550000,23.630000,-0.013773,346510.000000,8212561.790000,4079040560.000000,16552661550.000000,0.002007,46.006933,2013-09-30,2013-10-26,44.011429,3.546568,96.691328,6.902998,16.657743
sz000536,2014-01-17,23.180000,24.000000,23.180000,23.960000,0.014395,1694684.000000,40413563.120000,4136005580.000000,16783824399.999998,0.009817,46.649435,2013-09-30,2013-10-26,44.626064,3.596097,98.041656,6.999401,16.890374
sz000536,2014-01-16,23.650000,23.880000,23.350000,23.620000,-0.005055,1130375.000000,26630704.760000,4077314350.000000,16545656610.000000,0.006548,45.987446,2013-09-30,2013-10-26,43.992788,3.545066,96.650374,6.900074,16.650687
sz000536,2014-01-15,23.450000,23.750000,23.220000,23.740000,0.001265,1061029.000000,24931279.170000,4098028900.000000,16629715830.000000,0.006147,46.221094,2013-09-30,2013-10-26,44.216301,3.563077,97.141424,6.935131,16.735284
sz000536,2014-01-14,23.630000,23.900000,23.350000,23.710000,0.003386,1228359.000000,28993929.480000,4092850260.000000,16608701030.000000,0.007116,46.162698,2013-09-30,2013-10-26,44.160438,3.558576,97.018695,6.926369,16.714141
sz000536,2014-01-13,23.900000,24.180000,23.360000,23.630000,-0.016236,1080157.000000,25490192.160000,4079040560.000000,16552661550.000000,0.006257,46.006919,2013-09-30,2013-10-26,44.011415,3.546567,96.691298,6.902996,16.657738
sz000536,2014-01-10,23.660000,24.100000,23.300000,24.020000,0.006284,1196543.000000,28460532.330000,4146362860.000000,16825854010.000002,0.006932,46.766215,2013-09-30,2013-10-26,44.737778,3.605100,98.287087,7.016923,16.932656
sz000536,2014-01-09,22.910000,24.660000,22.810000,23.870000,0.040087,2055427.000000,48998607.360000,4120469670.000000,16720779990.000000,0.011907,46.474171,2013-09-30,2013-10-26,44.458401,3.582587,97.673308,6.973104,16.826916
sz000536,2014-01-08,23.060000,23.300000,22.650000,22.950000,-0.002174,970235.000000,22255268.360000,3961658100.000000,16076325960.000000,0.005621,44.682965,2013-09-30,2013-10-26,42.744887,3.444507,93.908787,6.704346,16.178374
sz000536,2014-01-07,22.860000,23.390000,22.820000,23.000000,-0.001736,867608.000000,20039706.770000,3970289160.000000,16111350640.000000,0.005026,44.780318,2013-09-30,2013-10-26,42.838017,3.452011,94.113389,6.718954,16.213622
sz000536,2014-01-06,24.370000,24.370000,22.950000,23.040000,-0.055738,2142390.000000,49890652.810000,3977194010.000000,16139370380.000000,0.012411,44.858191,2013-09-30,2013-10-26,42.912513,3.458014,94.277054,6.730638,16.241818
sz000536,2014-01-03,25.430000,25.590000,24.160000,24.400000,-0.050953,3074821.000000,75118139.420000,4211958940.000000,17092041550.000000,0.017813,47.506086,2013-09-30,2013-10-26,45.445558,3.662134,99.842050,7.127935,17.200542
sz000536,2014-01-02,26.050000,26.170000,25.500000,25.710000,-0.047425,2119151.000000,54524218.700000,4438092800.000000,18009688040.000000,0.012276,50.056621,2013-09-30,2013-10-26,47.885466,3.858749,105.202430,7.510624,18.124014
sz000536,2013-12-31,25.600000,26.990000,25.420000,26.990000,0.042890,2744508.000000,72920699.380000,4659048020.000000,18906319730.000000,0.015899,52.548745,2013-09-30,2013-10-26,50.269497,4.050861,110.440049,7.884548,19.026339
sz000536,2013-12-30,26.000000,26.200000,25.630000,25.880000,-0.008429,2016248.000000,52178913.590000,4467438420.000000,18128771940.000000,0.011680,50.387620,2013-09-30,2013-10-26,48.202108,3.884265,105.898080,7.560287,18.243859
sz000536,2013-12-27,25.200000,26.150000,25.200000,26.100000,0.009671,2409177.000000,62094101.130000,4505415090.000000,18282880510.000000,0.013956,50.815947,2013-09-30,2013-10-26,48.611858,3.917284,106.798283,7.624555,18.398944
sz000536,2013-12-26,25.630000,26.000000,25.200000,25.850000,0.015717,3445817.000000,87934250.470000,4462259780.000000,18107757130.000000,0.019962,50.329214,2013-09-30,2013-10-26,48.146235,3.879763,105.775330,7.551524,18.222712
sz000536,2013-12-25,25.060000,25.450000,24.860000,25.450000,0.015968,2740938.000000,68778338.720000,4393211270.000000,17827559730.000000,0.015878,49.550429,2013-09-30,2013-10-26,47.401230,3.819728,104.138584,7.434673,17.940738
sz000536,2013-12-24,24.550000,25.080000,24.200000,25.050000,0.027482,2156890.000000,53305026.220000,4324162760.000000,17547362330.000000,0.012495,48.771644,2013-09-30,2013-10-26,46.656224,3.759693,102.501835,7.317822,17.658763
sz000536,2013-12-23,23.950000,24.490000,23.000000,24.380000,0.022222,1916735.000000,45951770.170000,4208506510.000000,17078031680.000000,0.011104,47.467152,2013-09-30,2013-10-26,45.408312,3.659133,99.760224,7.122093,17.186445
sz000536,2013-12-20,24.650000,24.650000,23.850000,23.850000,-0.033630,1482672.000000,35836512.710000,4117017240.000000,16706770120.000000,0.008589,46.435267,2013-09-30,2013-10-26,44.421185,3.579588,97.591545,6.967266,16.812830
sz000536,2013-12-19,25.000000,25.000000,24.300000,24.680000,-0.012010,1110618.000000,27205436.790000,4260292890.000000,17288179730.000000,0.006434,48.051230,2013-09-30,2013-10-26,45.967057,3.704158,100.987763,7.209730,17.397922
sz000536,2013-12-18,24.950000,25.000000,24.020000,24.980000,0.000801,2842930.000000,69507235.890000,4312079270.000000,17498327780.000000,0.016469,48.635340,2013-09-30,2013-10-26,46.525832,3.749186,102.215370,7.297371,17.609411
sz000536,2013-12-17,25.660000,25.660000,24.900000,24.960000,-0.034429,1997787.000000,50134927.730000,4308626850.000000,17484317910.000000,0.011573,48.596415,2013-09-30,2013-10-26,46.488595,3.746185,102.133561,7.291530,17.595317
sz000536,2013-12-16,26.550000,26.550000,25.450000,25.850000,-0.026365,3216999.000000,83920219.960000,4462259780.000000,18107757130.000000,0.018636,50.329199,2013-09-30,2013-10-26,48.146221,3.879762,105.775299,7.551522,18.222707
sz000536,2013-12-13,26.700000,27.600000,25.900000,26.550000,-0.005618,2932842.000000,78089769.680000,4583094670.000000,18598102580.000000,0.016990,51.692060,2013-09-30,2013-10-26,49.449969,3.984822,108.639581,7.756009,18.716158
sz000536,2013-12-12,26.030000,26.750000,25.920000,26.700000,0.019084,3446642.000000,90857685.800000,4608987860.000000,18703176610.000000,0.019966,51.984106,2013-09-30,2013-10-26,49.729349,4.007335,109.253367,7.799828,18.821900
sz000536,2013-12-11,25.940000,26.200000,25.200000,26.200000,0.009634,1438609.000000,36862936.220000,4522677220.000000,18352929860.000000,0.008334,51.010620,2013-09-30,2013-10-26,48.798086,3.932291,107.207420,7.653764,18.469429
sz000536,2013-12-10,25.820000,26.160000,25.660000,25.950000,0.006204,2118392.000000,55043689.600000,4479521900.000000,18177806480.000000,0.012272,50.523873,2013-09-30,2013-10-26,48.332451,3.894769,106.184439,7.580731,18.293193
sz000536,2013-12-09,25.500000,25.800000,25.240000,25.790000,0.011373,1079056.000000,27590667.950000,4451902500.000000,18065727520.000000,0.006251,50.212355,2013-09-30,2013-10-26,48.034446,3.870755,105.529733,7.533990,18.180401
sz000536,2013-12-06,25.780000,25.780000,25.180000,25.500000,-0.010861,1079628.000000,27354625.270000,4401842330.000000,17862584400.000000,0.006254,49.647712,2013-09-30,2013-10-26,47.494293,3.827228,104.343039,7.449270,17.975961
sz000536,2013-12-05,25.650000,26.640000,25.000000,25.780000,0.005068,3782279.000000,98486911.430000,4450176290.000000,18058722580.000000,0.021911,50.192857,2013-09-30,2013-10-26,48.015793,3.869251,105.488753,7.531065,18.173341
sz000536,2013-12-04,24.910000,25.830000,24.910000,25.650000,0.030949,2568427.000000,65026071.290000,4427735520.000000,17967658430.000000,0.014879,49.939762,2013-09-30,2013-10-26,47.773676,3.849741,104.956832,7.493090,18.081703
sz000536,2013-12-03,24.300000,24.930000,24.010000,24.880000,0.023868,1246680.000000,30845804.820000,4294817150.000000,17428278430.000000,0.007222,48.440574,2013-09-30,2013-10-26,46.339514,3.734172,101.806037,7.268148,17.538892
sz000536,2013-12-02,24.240000,25.000000,23.880000,24.300000,-0.031873,2294267.000000,56075516.470000,4194696810.000000,17021992200.000000,0.013291,47.311347,2013-09-30,2013-10-26,45.259266,3.647123,99.432775,7.098716,17.130033
sz000536,2013-11-29,25.210000,25.280000,24.700000,25.100000,-0.003177,3445469.000000,85953775.000000,4332793830.000000,17582387000.000000,0.019960,48.868947,2013-09-30,2013-10-26,46.749307,3.767194,102.706334,7.332422,17.693993
sz000536,2013-11-28,25.360000,25.610000,25.000000,25.180000,-0.006706,2892800.000000,73094303.640000,4346603530.000000,17638426480.000000,0.016758,49.024699,2013-09-30,2013-10-26,46.898302,3.779201,103.033672,7.355791,17.750386
sz000536,2013-11-27,24.750000,25.400000,24.640000,25.350000,0.009558,2669552.000000,67232540.800000,4375949140.000000,17757510380.000000,0.015465,49.355678,2013-09-30,2013-10-26,47.214926,3.804715,103.729281,7.405452,17.870224
sz000536,2013-11-26,26.000000,26.300000,24.750000,25.110000,-0.086909,7273282.000000,182247632.000000,4334520040.000000,17589391940.000000,0.042134,48.888402,2013-09-30,2013-10-26,46.767918,3.768694,102.747223,7.335341,17.701037
sz000536,2013-11-04,27.650000,28.000000,27.330000,27.500000,-0.017857,974666.000000,26838228.610000,4747084870.000000,19263571420.000000,0.005646,53.541654,2013-09-30,2013-10-26,51.219340,4.127403,112.526816,8.033527,19.385841
sz000536,2013-11-01,28.030000,28.080000,27.300000,28.000000,-0.001783,846586.000000,23505282.270000,4833395500.000000,19613818170.000000,0.004904,54.515131,2013-09-30,2013-10-26,52.150593,4.202446,114.572741,8.179590,19.738308
sz000536,2013-10-31,28.000000,28.180000,27.600000,28.050000,0.001786,922119.000000,25710324.640000,4842026570.000000,19648842840.000000,0.005342,54.612505,2013-09-30,2013-10-26,52.243743,4.209952,114.777389,8.194200,19.773565
sz000536,2013-10-30,27.520000,28.200000,27.520000,28.000000,0.000000,480202.000000,13452050.960000,4833395500.000000,19613818170.000000,0.002782,54.515141,2013-09-30,2013-10-26,52.150602,4.202446,114.572762,8.179591,19.738312
sz000536,2013-10-29,28.270000,28.810000,27.480000,28.000000,-0.010601,1421074.000000,39907151.140000,4833395500.000000,19613818170.000000,0.008232,54.515141,2013-09-30,2013-10-26,52.150602,4.202446,114.572762,8.179591,19.738312
sz000536,2013-10-28,28.080000,28.800000,27.950000,28.300000,0.007117,909788.000000,25659446.580000,4885181880.000000,19823966220.000000,0.005270,55.099248,2013-09-30,2013-10-26,52.709374,4.247474,115.800362,8.267232,19.949800
sz000536,2013-10-25,28.000000,28.430000,27.500000,28.100000,0.003571,1325005.000000,36949685.490000,4836711070.000000,19683867520.000000,0.007698,54.709878,2013-06-30,2013-07-31,60.087099,7.908347,40.320602,7.962857,19.808821
sz000536,2013-10-24,28.010000,28.500000,27.880000,28.000000,-0.016854,627028.000000,17599697.010000,4819498570.000000,19613818170.000000,0.003643,54.515204,2013-06-30,2013-07-31,59.873291,7.880206,40.177129,7.934523,19.738335
sz000536,2013-10-23,28.420000,28.930000,27.400000,28.480000,-0.016235,2238255.000000,62735446.650000,4902118550.000000,19950055050.000000,0.013004,55.449754,2013-06-30,2013-07-31,60.899695,8.015296,40.865883,8.070544,20.076708
sz000536,2013-10-22,29.110000,29.300000,28.600000,28.950000,-0.005155,1701211.000000,49008710.460000,4983017270.000000,20279287000.000000,0.009884,56.364837,2013-06-30,2013-07-31,61.904718,8.147572,41.540289,8.203732,20.408032
sz000536,2013-10-21,29.560000,29.800000,29.100000,29.100000,-0.030000,2112436.000000,61929167.230000,5008836020.000000,20384361020.000000,0.012273,56.656904,2013-06-30,2013-07-31,62.225490,8.189790,41.755539,8.246241,20.513781
sz000536,2013-10-18,28.200000,30.000000,27.900000,30.000000,0.061196,2076931.000000,59648732.800000,5163748470.000000,21014805180.000000,0.012066,58.409179,2013-06-30,2013-07-31,64.149990,8.443083,43.046948,8.501280,21.148228
sz000536,2013-10-17,28.980000,29.300000,27.700000,28.270000,-0.024836,2061046.000000,58186799.710000,4865972310.000000,19802951410.000000,0.011974,55.040896,2013-06-30,2013-07-31,60.450652,7.956196,40.564559,8.011036,19.928673
sz000536,2013-10-16,30.590000,30.650000,28.010000,28.990000,-0.059682,2916882.000000,85343600.280000,4989902270.000000,20307306740.000000,0.016946,56.442707,2013-06-30,2013-07-31,61.990241,8.158828,41.597679,8.215066,20.436227
sz000536,2013-10-15,30.250000,30.900000,30.000000,30.830000,0.019174,2016635.000000,61607260.130000,5306612180.000000,21596214790.000000,0.011716,60.025127,2013-06-30,2013-07-31,65.924763,8.676669,44.237884,8.736476,21.733314
sz000536,2013-10-14,30.920000,31.090000,29.900000,30.250000,-0.024508,1730167.000000,52403981.410000,5206779710.000000,21189928560.000000,0.010052,58.895858,2013-06-30,2013-07-31,64.684502,8.513433,43.405625,8.572114,21.324440
sz000536,2013-10-11,31.600000,31.980000,30.550000,31.010000,-0.027290,1996954.000000,62029085.540000,5337594670.000000,21722303620.000000,0.011602,60.375542,2013-06-30,2013-07-31,66.309619,8.727322,44.496136,8.787478,21.860189
sz000536,2013-10-10,31.700000,32.980000,31.410000,31.880000,-0.003127,1365278.000000,43538717.620000,5487343370.000000,22331732970.000000,0.007932,62.069416,2013-06-30,2013-07-31,68.169977,8.972172,45.744504,9.034016,22.473491
sz000536,2013-10-09,31.900000,32.280000,31.300000,31.980000,-0.000625,1393712.000000,44157872.530000,5504555870.000000,22401782320.000000,0.008097,62.264116,2013-06-30,2013-07-31,68.383813,9.000316,45.887995,9.062354,22.543986
sz000536,2013-10-08,31.850000,32.570000,31.300000,32.000000,-0.005594,2578174.000000,81994984.480000,5507998370.000000,22415792190.000000,0.014979,62.303055,2013-06-30,2013-07-31,68.426580,9.005945,45.916693,9.068022,22.558084
sz000536,2013-09-30,30.580000,32.500000,30.580000,32.180000,0.043789,2748762.000000,85495823.120000,5538980860.000000,22541881020.000000,0.015970,62.653539,2013-06-30,2013-07-31,68.811512,9.056608,46.174996,9.119033,22.684984
sz000536,2013-09-27,30.100000,31.190000,29.620000,30.830000,0.038047,2638412.000000,80770436.260000,5306612180.000000,21596214790.000000,0.015328,60.025100,2013-06-30,2013-07-31,65.924733,8.676665,44.237864,8.736472,21.733305
sz000536,2013-09-26,30.200000,30.380000,29.500000,29.700000,-0.006024,1841706.000000,54982840.870000,5112110990.000000,20804657130.000000,0.010700,57.825031,2013-06-30,2013-07-31,63.508428,8.358644,42.616437,8.416259,20.936725
sz000536,2013-09-25,29.800000,30.300000,29.470000,29.880000,-0.012231,1824167.000000,54386866.050000,5143093480.000000,20930745960.000000,0.010598,58.175480,2013-06-30,2013-07-31,63.893322,8.409302,42.874714,8.467265,21.063612
sz000536,2013-09-24,28.280000,30.300000,28.200000,30.250000,0.065141,3737652.000000,108742390.020000,5206779710.000000,21189928560.000000,0.021715,58.895835,2013-06-30,2013-07-31,64.684477,8.513429,43.405608,8.572111,21.324431
sz000536,2013-09-23,28.500000,28.780000,28.100000,28.400000,-0.010453,1144431.000000,32449066.450000,4888348550.000000,19894015570.000000,0.006649,55.293933,2013-06-30,2013-07-31,60.728558,7.992772,40.751044,8.047865,20.020290
sz000536,2013-09-18,27.900000,28.750000,27.900000,28.700000,0.015929,958567.000000,27246937.380000,4939986040.000000,20104163620.000000,0.005569,55.878026,2013-06-30,2013-07-31,61.370060,8.077203,41.181515,8.132878,20.231772
sz000536,2013-09-17,28.350000,28.500000,27.600000,28.250000,-0.008076,854021.000000,23966074.150000,4862529810.000000,19788941540.000000,0.004962,55.001901,2013-06-30,2013-07-31,60.407823,7.950559,40.535820,8.005361,19.914553
sz000536,2013-09-16,28.700000,28.980000,28.160000,28.480000,-0.013850,1026733.000000,29248388.890000,4902118550.000000,19950055050.000000,0.005965,55.449713,2013-06-30,2013-07-31,60.899649,8.015290,40.865852,8.070538,20.076693
sz000536,2013-09-13,28.230000,28.880000,28.010000,28.880000,0.017977,1172401.000000,33364958.810000,4970968530.000000,20230252450.000000,0.006811,56.228477,2013-06-30,2013-07-31,61.754955,8.127861,41.439793,8.183885,20.358660
sz000536,2013-09-12,28.040000,29.000000,27.700000,28.370000,0.010688,1310539.000000,37182421.340000,4883184800.000000,19873000770.000000,0.007614,55.235508,2013-06-30,2013-07-31,60.664391,7.984327,40.707986,8.039361,19.999136
sz000536,2013-09-11,28.290000,28.290000,27.460000,28.070000,0.000000,1770038.000000,49046185.820000,4831547320.000000,19662852710.000000,0.010283,54.651394,2013-06-30,2013-07-31,60.022867,7.899893,40.277500,7.954345,19.787645
sz000536,2013-09-10,28.510000,28.950000,27.970000,28.070000,-0.023652,1870583.000000,52748026.990000,4831547320.000000,19662852710.000000,0.010868,54.651394,2013-06-30,2013-07-31,60.022867,7.899893,40.277500,7.954345,19.787645
sz000536,2013-09-09,29.220000,29.940000,28.500000,28.750000,-0.035882,1980637.000000,57310868.940000,4948592280.000000,20139188300.000000,0.011507,55.975323,2013-06-30,2013-07-31,61.476919,8.091267,41.253221,8.147039,20.267000
sz000536,2013-09-06,30.080000,30.080000,29.600000,29.820000,-0.008973,998242.000000,29775965.280000,5132765980.000000,20888716350.000000,0.005800,58.058581,2013-06-30,2013-07-31,63.764932,8.392404,42.788560,8.450251,21.021286
sz000536,2013-09-05,29.950000,30.180000,29.800000,30.090000,0.004004,1178659.000000,35341126.890000,5179239720.000000,21077849600.000000,0.006848,58.584257,2013-06-30,2013-07-31,64.342276,8.468391,43.175978,8.526762,21.211618
sz000536,2013-09-04,29.740000,30.290000,29.740000,29.970000,0.007734,1310680.000000,39305678.110000,5158584720.000000,20993790370.000000,0.007615,58.350621,2013-06-30,2013-07-31,64.085677,8.434618,43.003791,8.492757,21.127026
sz000536,2013-09-03,29.700000,29.940000,29.400000,29.740000,-0.002013,1457731.000000,43292931.070000,5118995980.000000,20832676870.000000,0.008469,57.902801,2013-06-30,2013-07-31,63.593842,8.369886,42.673752,8.427578,20.964883
sz000536,2013-09-02,28.960000,29.900000,28.610000,29.800000,0.027941,1774781.000000,52321943.190000,5129323480.000000,20874706480.000000,0.010311,58.019594,2013-06-30,2013-07-31,63.722114,8.386768,42.759828,8.444577,21.007171
sz000536,2013-08-30,28.800000,29.440000,28.400000,28.990000,0.006597,1409587.000000,40734599.890000,4989902270.000000,20307306740.000000,0.008189,56.442534,2013-06-30,2013-07-31,61.990050,8.158803,41.597551,8.215040,20.436164
sz000536,2013-08-29,29.250000,29.700000,28.480000,28.800000,-0.022071,1718747.000000,49731804.800000,4957198530.000000,20174212970.000000,0.009985,56.072622,2013-06-30,2013-07-31,61.583782,8.105332,41.324930,8.161201,20.302230
sz000536,2013-08-28,29.800000,30.070000,29.170000,29.450000,-0.011413,2429177.000000,71702986.610000,5069079750.000000,20629533750.000000,0.014113,57.338132,2013-06-30,2013-07-31,62.973674,8.288262,42.257598,8.345392,20.760433
sz000536,2013-08-27,29.200000,30.600000,29.150000,29.790000,0.012576,2708719.000000,80812978.430000,5127602230.000000,20867701540.000000,0.015737,58.000087,2013-06-30,2013-07-31,63.700690,8.383948,42.745451,8.441738,21.000108
sz000536,2013-08-26,29.900000,29.900000,28.900000,29.420000,-0.016054,2548126.000000,74675505.000000,5063916000.000000,20608518950.000000,0.014804,57.279737,2013-06-30,2013-07-31,62.909540,8.279821,42.214561,8.336893,20.739290
sz000536,2013-08-23,30.590000,31.000000,29.600000,29.900000,-0.022876,2152583.000000,64775344.640000,5146535980.000000,20944755830.000000,0.012506,58.214310,2013-06-30,2013-07-31,63.935968,8.414914,42.903331,8.472917,21.077671
sz000536,2013-08-22,30.700000,30.870000,29.890000,30.600000,-0.005848,2754912.000000,83629274.260000,5267023440.000000,21435101280.000000,0.016005,59.577198,2013-06-30,2013-07-31,65.432809,8.611921,43.907765,8.671281,21.571133
sz000536,2013-08-21,29.800000,30.950000,29.500000,30.780000,0.039865,4443314.000000,135154424.680000,5298005930.000000,21561190110.000000,0.025814,59.927655,2013-06-30,2013-07-31,65.817711,8.662580,44.166048,8.722289,21.698023
sz000536,2013-08-20,29.900000,30.290000,29.210000,29.600000,-0.012675,3656189.000000,108606886.780000,5094898490.000000,20734607780.000000,0.021241,57.630226,2013-06-30,2013-07-31,63.294476,8.330485,42.472867,8.387905,20.866192
sz000536,2013-08-19,28.310000,29.980000,28.010000,29.980000,0.048252,3555976.000000,104405835.880000,5160305970.000000,21000795310.000000,0.020659,58.370066,2013-06-30,2013-07-31,64.107033,8.437429,43.018122,8.495587,21.134066
sz000536,2013-08-16,28.850000,29.620000,28.600000,28.600000,-0.008666,4118214.000000,120434642.660000,4922773540.000000,20034114270.000000,0.023926,55.683239,2013-06-30,2013-07-31,61.156128,8.049047,41.037958,8.104527,20.161246
sz000536,2013-08-15,28.450000,29.300000,28.220000,28.850000,0.014416,4596544.000000,131997268.090000,4965804780.000000,20209237650.000000,0.026705,56.170008,2013-06-30,2013-07-31,61.690740,8.119409,41.396702,8.175375,20.337490
sz000536,2013-08-14,27.500000,28.490000,27.420000,28.440000,0.033806,4328417.000000,121383766.200000,4895233550.000000,19922035310.000000,0.025147,55.371769,2013-06-30,2013-07-31,60.814044,8.004023,40.808408,8.059194,20.048472
sz000536,2013-08-13,27.490000,27.740000,27.150000,27.510000,0.001092,1908117.000000,52325369.210000,4735157350.000000,19270576350.000000,0.011086,53.561083,2013-06-30,2013-07-31,58.825393,7.742288,39.473952,7.795654,19.392876
sz000536,2013-08-12,27.220000,28.300000,27.200000,27.480000,0.010294,4278301.000000,118547479.900000,4729993600.000000,19249561540.000000,0.024856,53.502658,2013-06-30,2013-07-31,58.761226,7.733842,39.430893,7.787150,19.371722
sz000536,2013-08-09,26.220000,27.350000,26.090000,27.200000,0.032258,4030844.000000,107580050.520000,4681798610.000000,19053423360.000000,0.023418,52.957513,2013-06-30,2013-07-31,58.162501,7.655041,39.029128,7.707806,19.174341
sz000536,2013-08-08,26.250000,26.900000,26.050000,26.350000,-0.003027,3284753.000000,87320813.380000,4535492410.000000,18458003880.000000,0.019084,51.302594,2013-06-30,2013-07-31,56.344926,7.415822,37.809470,7.466938,18.575144
sz000536,2013-08-07,25.350000,26.770000,25.150000,26.430000,0.042604,5068102.000000,133334498.180000,4549262400.000000,18514043360.000000,0.029444,51.458359,2013-06-30,2013-07-31,56.516000,7.438338,37.924266,7.489609,18.631542
sz000536,2013-08-06,25.100000,25.600000,24.870000,25.350000,0.014000,1701203.000000,42970104.830000,4363367460.000000,17757510380.000000,0.009884,49.355612,2013-06-30,2013-07-31,54.206583,7.134384,36.374564,7.183560,17.870200
sz000536,2013-08-05,24.500000,25.280000,24.330000,25.000000,0.004823,1759858.000000,43621310.210000,4303123730.000000,17512337650.000000,0.010224,48.674174,2013-06-30,2013-07-31,53.458169,7.035882,35.872352,7.084379,17.623471
sz000536,2013-08-02,24.890000,25.400000,24.700000,24.880000,-0.000402,1209781.000000,30216401.000000,4282468730.000000,17428278430.000000,0.007029,48.440545,2013-06-30,2013-07-31,53.201577,7.002111,35.700170,7.050375,17.538881
sz000536,2013-08-01,24.390000,24.940000,24.190000,24.890000,0.014262,2351778.000000,57946198.920000,4284189980.000000,17435283360.000000,0.013663,48.460026,2013-06-30,2013-07-31,53.222973,7.004927,35.714527,7.053210,17.545935
sz000536,2013-07-31,24.210000,24.990000,23.530000,24.540000,0.014050,2831592.000000,68436159.170000,4223946250.000000,17190110640.000000,0.016451,47.778607,2013-06-30,2013-07-31,52.474581,6.906427,35.212329,6.954032,17.299214
sz000536,2013-07-30,25.800000,26.190000,23.800000,24.200000,-0.065998,3129133.000000,78086268.850000,4165423770.000000,16951942850.000002,0.018179,47.116619,2013-03-31,2013-04-20,58.153130,7.649646,45.342022,5.965126,17.059527
sz000536,2013-07-29,25.900000,26.190000,25.630000,25.910000,-0.014079,812360.000000,21040289.350000,4459757430.000000,18149786740.000000,0.004720,50.445951,2013-03-31,2013-04-20,62.262319,8.190181,48.545958,6.386631,18.264979
sz000536,2013-07-26,26.170000,26.470000,25.900000,26.280000,0.001524,1512230.000000,39552503.450000,4523443660.000000,18408969340.000000,0.008786,51.166321,2013-03-31,2013-04-20,63.151428,8.307137,49.239196,6.477832,18.525804
sz000536,2013-07-25,27.000000,27.130000,25.580000,26.240000,-0.033161,3288114.000000,86176682.320000,4516558660.000000,18380949600.000000,0.019103,51.088463,2013-03-31,2013-04-20,63.055331,8.294497,49.164270,6.467975,18.497614
sz000536,2013-07-24,27.100000,27.390000,26.650000,27.140000,-0.001104,2449506.000000,66104031.500000,4671471120.000000,19011393750.000000,0.014231,52.840713,2013-03-31,2013-04-20,65.218026,8.578984,50.850524,6.689816,19.132052
sz000536,2013-07-23,26.860000,27.300000,26.690000,27.170000,0.006669,3477642.000000,93886156.380000,4676634860.000000,19032408560.000000,0.020204,52.899114,2013-03-31,2013-04-20,65.290107,8.588466,50.906725,6.697210,19.153197
sz000536,2013-07-22,26.910000,27.090000,26.530000,26.990000,0.003346,2720909.000000,72960154.910000,4645652370.000000,18906319730.000000,0.015808,52.548667,2013-03-31,2013-04-20,64.857572,8.531569,50.569477,6.652842,19.026310
sz000536,2013-07-19,26.140000,27.450000,26.140000,26.900000,0.028287,6446590.000000,174180221.170000,4630161130.000000,18843275310.000000,0.037453,52.373425,2013-03-31,2013-04-20,64.641282,8.503118,50.400836,6.630656,18.962861
sz000536,2013-07-18,25.510000,26.420000,25.510000,26.160000,0.017899,3672030.000000,95579110.640000,4502788670.000000,18324910120.000000,0.021334,50.932692,2013-03-31,2013-04-20,62.863074,8.269207,49.014367,6.448254,18.441214
sz000536,2013-07-17,25.650000,25.940000,25.400000,25.700000,-0.010015,1582076.000000,40667891.870000,4423611190.000000,18002683100.000000,0.009191,50.037079,2013-03-31,2013-04-20,61.757673,8.123799,48.152486,6.334866,18.116939
sz000536,2013-07-16,25.660000,26.180000,25.550000,25.960000,0.010510,2869458.000000,74176690.310000,4468363680.000000,18184811420.000000,0.016671,50.543270,2013-03-31,2013-04-20,62.382434,8.205982,48.639611,6.398952,18.300216
sz000536,2013-07-15,24.900000,25.980000,24.900000,25.690000,0.021471,2709733.000000,69409613.790000,4421889940.000000,17995678170.000000,0.015743,50.017585,2013-03-31,2013-04-20,61.733613,8.120634,48.133726,6.332398,18.109881
sz000536,2013-07-12,25.280000,25.700000,24.950000,25.150000,-0.001984,2119962.000000,53745677.500000,4328942470.000000,17617411680.000000,0.012316,48.966231,2013-03-31,2013-04-20,60.435992,7.949941,47.121970,6.199293,17.729217
sz000536,2013-07-11,24.930000,25.300000,24.700000,25.200000,0.010830,2719392.000000,67933321.920000,4337548710.000000,17652436350.000000,0.015799,49.063573,2013-03-31,2013-04-20,60.556135,7.965745,47.215646,6.211617,17.764461
sz000536,2013-07-10,24.100000,25.000000,24.000000,24.930000,0.028041,1758449.000000,43175421.250000,4291074980.000000,17463303100.000000,0.010216,48.537907,2013-03-31,2013-04-20,59.907339,7.880400,46.709779,6.145066,17.574134
sz000536,2013-07-09,24.500000,24.650000,24.000000,24.250000,-0.012220,752648.000000,18226003.150000,4174030010.000000,16986967520.000000,0.004373,47.213980,2013-03-31,2013-04-20,58.273297,7.665453,45.435716,5.977452,17.094779
sz000536,2013-07-08,24.910000,25.140000,24.320000,24.550000,-0.023469,1072952.000000,26448244.170000,4225667500.000000,17197115570.000000,0.006234,47.798073,2013-03-31,2013-04-20,58.994207,7.760284,45.997809,6.051400,17.306261
sz000536,2013-07-05,25.850000,25.850000,24.880000,25.140000,-0.010236,1791239.000000,45353182.080000,4327221220.000000,17610406740.000000,0.010407,48.946805,2013-03-31,2013-04-20,60.412016,7.946787,47.103276,6.196834,17.722183
sz000536,2013-07-04,24.800000,25.700000,24.510000,25.400000,0.016407,2840002.000000,71345097.940000,4371973700.000000,17792535050.000000,0.016500,49.453006,2013-03-31,2013-04-20,61.036789,8.028971,47.590411,6.260921,17.905464
sz000536,2013-07-03,25.300000,25.600000,24.700000,24.990000,-0.021152,1629218.000000,40756040.090000,4301402480.000000,17505332710.000000,0.009465,48.654728,2013-03-31,2013-04-20,60.051523,7.899366,46.822200,6.159856,17.616431
sz000536,2013-07-02,25.750000,25.750000,25.050000,25.530000,-0.008544,2415772.000000,61234114.710000,4394349950.000000,17883599210.000000,0.014035,49.706112,2013-03-31,2013-04-20,61.349181,8.070064,47.833984,6.292965,17.997106
sz000536,2013-07-01,26.250000,26.300000,25.360000,25.750000,0.001946,2628418.000000,67738443.970000,4432217440.000000,18037707780.000000,0.015270,50.134461,2013-03-31,2013-04-20,61.877866,8.139609,48.246200,6.347195,18.152198
sz000536,2013-06-28,24.700000,25.760000,24.550000,25.700000,0.025948,3985471.000000,99930032.310000,4423611190.000000,18002683100.000000,0.023155,50.037088,2013-03-31,2013-04-20,61.757685,8.123800,48.152495,6.334867,18.116942
sz000536,2013-06-27,25.300000,25.670000,24.600000,25.050000,-0.011054,2924760.000000,73538541.470000,4311729970.000000,17547362330.000000,0.016992,48.771564,2013-03-31,2013-04-20,60.195727,7.918335,46.934635,6.174648,17.658734
sz000536,2013-06-26,24.150000,25.970000,23.600000,25.330000,0.051037,3930172.000000,97229529.290000,4359924960.000000,17743500510.000000,0.022833,49.316711,2013-03-31,2013-04-20,60.868568,8.006843,47.459249,6.243665,17.856115
sz000536,2013-06-25,23.300000,24.350000,21.800000,24.100000,0.017307,2803809.000000,64245015.470000,4148211270.000000,16881893489.999998,0.016289,46.921955,2013-03-31,2013-04-20,57.912869,7.618041,45.154690,5.940481,16.989045
sz000536,2013-06-24,24.550000,24.550000,22.080000,23.690000,-0.034244,2026778.000000,46726872.140000,4077640040.000000,16594691160.000000,0.011775,46.123692,2013-03-31,2013-04-20,56.927622,7.488439,44.386493,5.839418,16.700018
sz000536,2013-06-21,24.250000,24.660000,24.190000,24.530000,-0.010887,1199010.000000,29263248.810000,4222225000.000000,17183105700.000000,0.006966,47.759157,2013-03-31,2013-04-20,58.946175,7.753965,45.960359,6.046473,17.292171
sz000536,2013-06-20,25.500000,25.700000,24.510000,24.800000,-0.030113,1257203.000000,31494886.050000,4268698740.000000,17372238950.000000,0.007304,48.284834,2013-03-31,2013-04-20,59.594986,7.839312,46.466237,6.113026,17.482503
sz000536,2013-06-19,25.720000,25.980000,25.200000,25.570000,-0.004671,1347246.000000,34274393.790000,4401234950.000000,17911618950.000000,0.007827,49.783979,2013-03-31,2013-04-20,61.445288,8.082706,47.908918,6.302823,18.025299
sz000536,2013-06-18,24.930000,25.800000,24.860000,25.690000,0.030899,2253959.000000,57317729.680000,4421889940.000000,17995678170.000000,0.013095,50.017611,2013-03-31,2013-04-20,61.733646,8.120638,48.133751,6.332401,18.109890
sz000536,2013-06-17,24.870000,25.340000,24.510000,24.920000,0.002010,1559743.000000,38902924.850000,4289353730.000000,17456298170.000000,0.009062,48.518440,2013-03-31,2013-04-20,59.883311,7.877239,46.691044,6.142601,17.567085
sz000536,2013-06-14,23.800000,24.900000,23.800000,24.870000,0.039716,1093521.000000,26597561.440000,4280747480.000000,17421273490.000000,0.006353,48.421113,2013-03-31,2013-04-20,59.763187,7.861438,46.597384,6.130279,17.531846
sz000536,2013-06-13,24.710000,24.900000,23.600000,23.920000,-0.030008,1200732.000000,28740715.660000,4117228780.000000,16755804660.000000,0.006976,46.571480,2013-03-31,2013-04-20,57.480300,7.561139,44.817415,5.896109,16.862149
sz000536,2013-06-07,24.800000,25.010000,23.800000,24.660000,-0.012415,1324523.000000,32367253.120000,4244601240.000000,17274169860.000000,0.007695,48.012231,2013-03-31,2013-04-20,59.258530,7.795053,46.203902,6.078513,17.383802
sz000536,2013-06-06,25.180000,25.430000,24.620000,24.970000,-0.002397,821295.000000,20526879.100000,4297959980.000000,17491322840.000000,0.004772,48.615797,2013-03-31,2013-04-20,60.003473,7.893046,46.784734,6.154927,17.602335
sz000536,2013-06-05,24.970000,25.490000,24.600000,25.030000,0.002403,1497248.000000,37240384.410000,4308287470.000000,17533352460.000000,0.008699,48.732609,2013-03-31,2013-04-20,60.147647,7.912011,46.897147,6.169716,17.644629
sz000536,2013-06-04,26.250000,26.250000,24.720000,24.970000,-0.048037,2594988.000000,65458093.220000,4297959980.000000,17491322840.000000,0.015076,48.615785,2013-03-31,2013-04-20,60.003458,7.893044,46.784723,6.154925,17.602331
sz000536,2013-06-03,26.950000,26.950000,25.960000,26.230000,-0.021269,1612256.000000,42621148.940000,4514837410.000000,18373944660.000000,0.009367,51.068986,2013-03-31,2013-04-20,63.031292,8.291335,49.145527,6.465509,18.490562
sz000536,2013-05-31,27.150000,27.230000,26.700000,26.800000,-0.011070,1335556.000000,35954832.140000,4612948630.000000,18773225960.000000,0.007759,52.178776,2013-03-31,2013-04-20,64.401038,8.471515,50.213518,6.606012,18.892384
sz000536,2013-05-30,27.140000,27.400000,26.810000,27.100000,-0.001474,1304066.000000,35410905.980000,4664586120.000000,18983374010.000000,0.007576,52.762861,2013-03-31,2013-04-20,65.121938,8.566345,50.775604,6.679959,19.103864
sz000536,2013-05-29,26.990000,27.200000,26.700000,27.140000,0.016479,1759319.000000,47518338.750000,4671471120.000000,19011393750.000000,0.010221,52.840748,2013-03-31,2013-04-20,65.218069,8.578990,50.850558,6.689820,19.132064
sz000536,2013-05-28,26.610000,26.980000,26.000000,26.700000,-0.001122,1678374.000000,44313133.440000,4595736140.000000,18703176610.000000,0.009751,51.984102,2013-03-31,2013-04-20,64.160764,8.439909,50.026176,6.581366,18.821898
sz000536,2013-05-27,27.020000,27.700000,26.310000,26.730000,-0.010733,2277429.000000,61142989.200000,4600899890.000000,18724191420.000000,0.013231,52.042494,2013-03-31,2013-04-20,64.232833,8.449389,50.082369,6.588759,18.843040
sz000536,2013-05-24,26.900000,27.400000,26.700000,27.020000,0.004461,1991492.000000,53884467.840000,4650816120.000000,18927334530.000000,0.011570,52.607126,2013-03-31,2013-04-20,64.929724,8.541060,50.625735,6.660243,19.047477
sz000536,2013-05-23,25.680000,27.680000,25.680000,26.900000,0.047508,3844590.000000,103032168.420000,4630161130.000000,18843275310.000000,0.022336,52.373488,2013-03-31,2013-04-20,64.641359,8.503128,50.400896,6.630664,18.962883
sz000536,2013-05-22,26.030000,26.330000,25.490000,25.680000,-0.013446,3177644.000000,81859294.440000,4420168690.000000,17988673230.000000,0.018461,49.998175,2013-03-31,2013-04-20,61.709657,8.117482,48.115047,6.329941,18.102853
sz000536,2013-05-21,26.000000,26.200000,25.500000,26.030000,-0.006109,2593265.000000,67044263.180000,4480412420.000000,18233845960.000000,0.015066,50.679613,2013-03-31,2013-04-20,62.550714,8.228118,48.770819,6.416213,18.349581
sz000536,2013-05-20,26.890000,27.250000,25.180000,26.190000,-0.026032,4073876.000000,105982333.230000,4507952410.000000,18345924920.000000,0.023668,50.991118,2013-03-31,2013-04-20,62.935185,8.278692,49.070591,6.455651,18.462368
sz000536,2013-05-17,26.700000,27.300000,26.600000,26.890000,0.003358,2168606.000000,58389980.090000,4628439880.000000,18836270380.000000,0.012599,52.353997,2013-03-31,2013-04-20,64.617302,8.499963,50.382139,6.628196,18.955826
sz000536,2013-05-16,26.600000,27.310000,26.600000,26.800000,0.000747,2321821.000000,62607936.230000,4612948630.000000,18773225960.000000,0.013489,52.178780,2013-03-31,2013-04-20,64.401044,8.471516,50.213522,6.606013,18.892385
sz000536,2013-05-15,26.280000,26.800000,25.610000,26.780000,0.025268,2103163.000000,54889510.200000,4609506130.000000,18759216090.000000,0.012219,52.139832,2013-03-31,2013-04-20,64.352972,8.465192,50.176041,6.601082,18.878283
sz000536,2013-05-14,26.090000,26.750000,25.690000,26.120000,-0.001147,2111644.000000,55623438.730000,4495903670.000000,18296890380.000000,0.012268,50.854832,2013-03-31,2013-04-20,62.766976,8.256565,48.939439,6.438396,18.413023
sz000536,2013-05-13,26.360000,26.560000,25.900000,26.150000,-0.018393,1687605.000000,44126718.380000,4501067420.000000,18317905180.000000,0.009805,50.913230,2013-03-31,2013-04-20,62.839052,8.266047,48.995637,6.445790,18.434167
sz000536,2013-05-10,26.250000,27.500000,25.900000,26.640000,0.023041,2367258.000000,62865965.520000,4585408640.000000,18661147000.000000,0.013753,51.867223,2013-03-31,2013-04-20,64.016508,8.420933,49.913700,6.566569,18.779580
sz000536,2013-05-09,26.100000,26.300000,25.130000,26.040000,-0.009886,1933838.000000,49938807.670000,4482133670.000000,18240850900.000000,0.011235,50.699066,2013-03-31,2013-04-20,62.574724,8.231276,48.789540,6.418676,18.356625
sz000536,2013-05-08,24.070000,26.480000,23.950000,26.300000,0.092646,3844986.000000,98109127.940000,4526886160.000000,18422979210.000000,0.022338,51.205282,2013-03-31,2013-04-20,63.199514,8.313463,49.276689,6.482765,18.539910
sz000536,2013-05-07,23.890000,24.160000,23.810000,24.070000,0.007113,916621.000000,21999718.830000,4143047520.000000,16860878690.000002,0.005325,46.863560,2013-03-31,2013-04-20,57.840796,7.608560,45.098494,5.933088,16.967902
sz000536,2013-05-06,23.820000,24.480000,23.540000,23.900000,-0.003336,1847907.000000,43988786.100000,4113786280.000000,16741794790.000000,0.010736,46.532574,2013-03-31,2013-04-20,57.432280,7.554823,44.779974,5.891184,16.848062
sz000536,2013-05-03,23.160000,24.190000,23.150000,23.980000,0.035853,2079567.000000,49452027.020000,4127556280.000000,16797834270.000000,0.012082,46.688326,2013-03-31,2013-04-20,57.624515,7.580110,44.929860,5.910903,16.904455
sz000536,2013-05-02,23.110000,23.670000,23.020000,23.150000,0.000432,1736773.000000,40398451.910000,3984692570.000000,16216424660.000000,0.010090,45.072347,2013-03-31,2013-04-20,55.630013,7.317747,43.374746,5.706314,16.319357
sz000536,2013-04-26,23.650000,23.850000,22.670000,23.140000,-0.008850,1749847.000000,40561763.700000,3982971320.000000,16209419730.000000,0.010166,45.052885,2013-03-31,2013-04-20,55.605991,7.314587,43.356016,5.703850,16.312310
sz000536,2013-04-25,24.580000,24.590000,23.720000,23.730000,-0.038493,2647588.000000,63945051.120000,4084525040.000000,16622710900.000000,0.015382,45.455163,2013-03-31,2013-04-20,56.102498,7.379899,43.743143,5.754780,16.457963
sz000536,2013-04-24,24.150000,24.680000,23.940000,24.680000,0.026622,4086966.000000,99319689.820000,4248043740.000000,17288179730.000000,0.023744,47.274916,2013-03-31,2013-04-20,58.348507,7.675346,45.494357,5.985167,17.116842
sz000536,2013-04-23,24.030000,24.340000,23.560000,24.040000,0.004597,5057239.000000,121338625.340000,4137883770.000000,16839863879.999998,0.029381,46.049000,2013-03-31,2013-04-20,56.835434,7.476312,44.314613,5.829962,16.672974
sz000536,2013-04-22,21.550000,23.930000,21.540000,23.930000,0.100230,6583420.000000,152984317.900000,4118950030.000000,16762809600.000000,0.038248,45.838281,2013-03-31,2013-04-20,56.575357,7.442100,44.111831,5.803284,16.596679
sz000536,2013-04-19,21.000000,21.760000,20.900000,21.750000,0.025460,4347963.000000,93318505.850000,3743717640.000000,15235733760.000000,0.025261,41.662453,2012-12-31,2013-03-15,55.189497,8.360310,30.623084,5.977642,15.084736
sz000536,2013-04-18,21.400000,21.600000,21.100000,21.210000,-0.008879,2570449.000000,54752656.410000,3650770170.000000,14857467260.000000,0.014934,40.628063,2012-12-31,2013-03-15,53.819259,8.152741,29.862778,5.829230,14.710214
sz000536,2013-04-17,20.800000,21.470000,20.620000,21.400000,0.028846,4645967.000000,98356869.710000,3683473910.000000,14990561030.000000,0.026992,40.992031,2012-12-31,2013-03-15,54.301401,8.225778,30.130305,5.881451,14.841996
sz000536,2013-04-16,19.530000,21.110000,19.530000,20.800000,0.050505,4030712.000000,83107414.190000,3580198940.000000,14570264920.000000,0.023417,39.842728,2012-12-31,2013-03-15,52.778939,7.995150,29.285535,5.716552,14.425867
sz000536,2013-04-15,19.820000,20.180000,19.670000,19.800000,-0.009009,2013806.000000,40032361.600000,3408073990.000000,13869771420.000000,0.011700,37.927214,2012-12-31,2013-03-15,50.241493,7.610768,27.877578,5.441718,13.732317
sz000536,2013-04-12,18.960000,20.500000,18.960000,19.980000,0.053797,5191278.000000,102189688.110000,3439056480.000000,13995860250.000000,0.030160,38.272006,2012-12-31,2013-03-15,50.698233,7.679957,28.131010,5.491188,13.857156
sz000536,2013-04-11,18.960000,19.220000,18.880000,18.960000,0.000000,1343763.000000,25583598.560000,3263489030.000000,13281356870.000000,0.007807,36.318196,2012-12-31,2013-03-15,48.110056,7.287890,26.694904,5.210859,13.149739
sz000536,2013-04-10,19.000000,19.150000,18.880000,18.960000,-0.006289,1123000.000000,21344466.270000,3263489030.000000,13281356870.000000,0.006524,36.318196,2012-12-31,2013-03-15,48.110056,7.287890,26.694904,5.210859,13.149739
sz000536,2013-04-09,18.820000,19.380000,18.820000,19.080000,0.004211,1424405.000000,27269306.070000,3284144030.000000,13365416090.000000,0.008275,36.548047,2012-12-31,2013-03-15,48.414535,7.334014,26.863851,5.243838,13.232961
sz000536,2013-04-08,19.070000,19.070000,18.600000,19.000000,0.001054,897721.000000,16990211.580000,3270374030.000000,13309376610.000000,0.005216,36.394789,2012-12-31,2013-03-15,48.211517,7.303260,26.751202,5.221848,13.177471
sz000536,2013-04-03,18.770000,19.200000,18.770000,18.980000,0.005297,2242030.000000,42767439.400000,3266931530.000000,13295366740.000000,0.013026,36.356469,2012-12-31,2013-03-15,48.160755,7.295570,26.723035,5.216350,13.163597
sz000536,2013-04-02,18.900000,19.200000,18.720000,18.880000,-0.006839,672217.000000,12756644.950000,3249719040.000000,13225317390.000000,0.003905,36.164903,2012-12-31,2013-03-15,47.906992,7.257129,26.582229,5.188865,13.094237
sz000536,2013-04-01,18.880000,19.250000,18.820000,19.010000,0.004757,829153.000000,15769421.970000,3272095280.000000,13316381550.000000,0.004817,36.413938,2012-12-31,2013-03-15,48.236884,7.307102,26.765277,5.224596,13.184405
sz000536,2013-03-29,18.630000,19.100000,18.620000,18.920000,0.005313,632006.000000,11980962.620000,3256604040.000000,13253337130.000000,0.003672,36.241537,2012-12-31,2013-03-15,48.008508,7.272507,26.638557,5.199860,13.121983
sz000536,2013-03-28,18.980000,19.590000,18.700000,18.820000,-0.008430,1584797.000000,30181018.040000,2699414070.000000,13183287780.000000,0.011049,36.050004,2012-12-31,2013-03-15,47.754786,7.234072,26.497775,5.172379,13.052635
sz000536,2013-03-27,18.750000,19.130000,18.750000,18.980000,0.001583,881902.000000,16744032.250000,2722363390.000000,13295366740.000000,0.006149,36.356489,2012-12-31,2013-03-15,48.160782,7.295574,26.723050,5.216353,13.163604
sz000536,2013-03-26,19.210000,19.280000,18.630000,18.950000,-0.005249,849962.000000,16070425.160000,2718060390.000000,13274351940.000000,0.005926,36.299027,2012-12-31,2013-03-15,48.084664,7.284043,26.680814,5.208109,13.142799
sz000536,2013-03-25,18.820000,19.110000,18.650000,19.050000,0.024194,1528679.000000,29067564.890000,2732403720.000000,13344401290.000000,0.010658,36.490566,2012-12-31,2013-03-15,48.338392,7.322479,26.821601,5.235590,13.212149
sz000536,2013-03-22,18.910000,18.960000,18.420000,18.600000,-0.026178,1324281.000000,24586995.240000,2667858750.000000,13029179210.000000,0.009233,35.628569,2012-12-31,2013-03-15,47.196519,7.149504,26.188008,5.111913,12.900046
sz000536,2013-03-21,19.210000,19.400000,18.970000,19.100000,-0.005726,2307686.000000,44304227.420000,2739575380.000000,13379425960.000000,0.016089,36.586326,2012-12-31,2013-03-15,48.465242,7.341695,26.891987,5.249330,13.246821
sz000536,2013-03-20,18.500000,19.320000,18.400000,19.210000,0.033351,2698954.000000,51052718.720000,2755353040.000000,13456480250.000000,0.018817,36.797025,2012-12-31,2013-03-15,48.744353,7.383976,27.046857,5.279561,13.323109
sz000536,2013-03-19,18.590000,18.870000,18.430000,18.590000,0.000000,702994.000000,13063194.230000,2666424410.000000,13022174280.000000,0.004901,35.609416,2012-12-31,2013-03-15,47.171148,7.145661,26.173930,5.109165,12.893111
sz000536,2013-03-18,18.200000,19.090000,18.200000,18.590000,0.021429,1393220.000000,26013916.570000,2666424410.000000,13022174280.000000,0.009713,35.609416,2012-12-31,2013-03-15,47.171148,7.145661,26.173930,5.109165,12.893111
sz000536,2013-03-15,18.300000,18.500000,18.180000,18.200000,-0.007092,525360.000000,9624152.710000,2610485440.000000,12748981810.000000,0.003663,34.862351,2012-12-31,2013-03-15,46.181524,6.995749,25.624816,5.001977,12.622621
sz000536,2013-03-14,18.170000,18.400000,18.170000,18.330000,-0.005965,337267.000000,6163300.440000,2629131770.000000,12840045960.000000,0.002351,35.111360,2012-09-30,2012-10-30,35.746111,7.330991,27.163830,5.125662,12.712780
sz000536,2013-03-13,18.590000,18.630000,18.100000,18.440000,-0.000542,646399.000000,11813660.500000,2644909430.000000,12917100250.000000,0.004507,35.322056,2012-09-30,2012-10-30,35.960616,7.374983,27.326834,5.156420,12.789067
sz000536,2013-03-12,18.930000,19.060000,18.350000,18.450000,-0.025357,374300.000000,6954518.140000,2646343760.000000,12924105190.000000,0.002610,35.341211,2012-09-30,2012-10-30,35.980117,7.378982,27.341654,5.159216,12.796002
sz000536,2013-03-11,19.130000,19.130000,18.900000,18.930000,-0.010972,314788.000000,5972143.800000,2715191730.000000,13260342070.000000,0.002195,36.260673,2012-09-30,2012-10-30,36.916201,7.570959,28.052993,5.293442,13.128912
sz000536,2013-03-08,19.040000,19.360000,19.000000,19.140000,-0.006746,470849.000000,9000924.250000,2745312710.000000,13407445700.000000,0.003283,36.662939,2012-09-30,2012-10-30,37.325739,7.654949,28.364205,5.352166,13.274560
sz000536,2013-03-07,19.190000,19.450000,18.920000,19.270000,-0.000519,616596.000000,11796618.510000,2763959040.000000,13498509860.000000,0.004299,36.911947,2012-09-30,2012-10-30,37.579249,7.706940,28.556850,5.388517,13.364719
sz000536,2013-03-06,19.100000,19.410000,18.860000,19.280000,0.009424,771415.000000,14759087.670000,2765393370.000000,13505514800.000000,0.005378,36.931114,2012-09-30,2012-10-30,37.598763,7.710942,28.571679,5.391315,13.371659
sz000536,2013-03-05,18.750000,19.180000,18.750000,19.100000,0.007916,456804.000000,8709401.690000,2739575380.000000,13379425960.000000,0.003185,36.586325,2012-09-30,2012-10-30,37.247740,7.638952,28.304933,5.340982,13.246821
sz000536,2013-03-04,19.500000,19.500000,18.710000,18.950000,-0.030691,769431.000000,14684602.980000,2718060390.000000,13274351940.000000,0.005364,36.298982,2012-09-30,2012-10-30,36.955203,7.578957,28.082631,5.299035,13.142782
sz000536,2013-03-01,19.420000,19.550000,19.150000,19.550000,0.002564,1226613.000000,23710136.800000,2804120350.000000,13694648040.000000,0.008552,37.448308,2012-09-30,2012-10-30,38.125306,7.818928,28.971804,5.466817,13.558919
sz000536,2013-02-28,19.390000,19.600000,19.360000,19.500000,0.001541,994126.000000,19344066.440000,2796948690.000000,13659623370.000000,0.006931,37.352536,2012-09-30,2012-10-30,38.027803,7.798932,28.897711,5.452836,13.524243
sz000536,2013-02-27,19.330000,19.550000,19.330000,19.470000,0.003608,481687.000000,9370199.590000,2792645690.000000,13638608560.000000,0.003358,37.295064,2012-09-30,2012-10-30,37.969292,7.786932,28.853248,5.444446,13.503434
sz000536,2013-02-26,19.620000,19.800000,19.210000,19.400000,-0.010204,994584.000000,19391173.260000,2782605360.000000,13589574020.000000,0.006934,37.160988,2012-09-30,2012-10-30,37.832792,7.758938,28.749520,5.424873,13.454889
sz000536,2013-02-25,19.650000,19.890000,19.570000,19.600000,-0.005581,837415.000000,16542425.120000,2811292010.000000,13729672720.000000,0.005838,37.544087,2012-09-30,2012-10-30,38.222817,7.838926,29.045904,5.480799,13.593598
sz000536,2013-02-22,19.680000,19.900000,19.510000,19.710000,-0.001520,836962.000000,16522957.830000,2827069670.000000,13806727000.000000,0.005835,37.754797,2012-09-30,2012-10-30,38.437336,7.882921,29.208919,5.511559,13.669890
sz000536,2013-02-21,19.880000,19.940000,19.530000,19.740000,-0.012012,576233.000000,11351524.150000,2831372670.000000,13827741810.000000,0.004017,37.812272,2012-09-30,2012-10-30,38.495850,7.894921,29.253384,5.519949,13.690700
sz000536,2013-02-20,19.940000,20.050000,19.500000,19.980000,0.002006,962976.000000,19111849.930000,2865796650.000000,13995860250.000000,0.006714,38.271995,2012-09-30,2012-10-30,38.963884,7.990908,29.609048,5.587061,13.857152
sz000536,2013-02-19,20.300000,20.300000,19.720000,19.940000,-0.017734,1006504.000000,20022279.810000,2860059320.000000,13967840510.000000,0.007017,38.195375,2012-09-30,2012-10-30,38.885879,7.974910,29.549771,5.575876,13.829410
sz000536,2013-02-18,20.390000,20.500000,20.020000,20.300000,-0.004414,805417.000000,16237243.750000,2911695300.000000,14220018170.000000,0.005615,38.884961,2012-09-30,2012-10-30,39.587931,8.118890,30.083268,5.676544,14.079088
sz000536,2013-02-08,19.920000,21.000000,19.830000,20.390000,0.022055,1309632.000000,26586585.330000,2924604290.000000,14283062590.000000,0.009131,39.057360,2012-09-30,2012-10-30,39.763447,8.154886,30.216644,5.701711,14.141509
sz000536,2013-02-07,19.980000,20.150000,19.810000,19.950000,0.006051,830287.000000,16618410.400000,2861493660.000000,13974845440.000000,0.005789,38.214538,2012-09-30,2012-10-30,38.905389,7.978911,29.564597,5.578673,13.836348
sz000536,2013-02-06,19.810000,20.090000,19.800000,19.830000,-0.008004,503038.000000,10005382.510000,2844281660.000000,13890786220.000000,0.003507,37.984693,2012-09-30,2012-10-30,38.671388,7.930921,29.386778,5.545120,13.753128
sz000536,2013-02-05,20.000000,20.000000,19.700000,19.990000,-0.006955,704554.000000,13990789.540000,2867230990.000000,14002865180.000000,0.004912,38.291175,2012-09-30,2012-10-30,38.983411,7.994913,29.623887,5.589861,13.864096
sz000536,2013-02-04,20.410000,20.410000,19.900000,20.130000,-0.010811,881104.000000,17667555.630000,2887311640.000000,14100934280.000000,0.006143,38.559356,2012-09-30,2012-10-30,39.256440,8.050907,29.831364,5.629011,13.961197
sz000536,2013-02-01,20.500000,20.550000,20.180000,20.350000,-0.020221,1216854.000000,24678218.120000,2918866960.000000,14255042850.000000,0.008484,38.980777,2012-09-30,2012-10-30,39.685480,8.138896,30.157396,5.690531,14.113781
sz000536,2013-01-31,20.080000,20.800000,19.730000,20.770000,0.040060,1926698.000000,38998016.070000,2979108930.000000,14549250120.000000,0.013433,39.785275,2012-09-30,2012-10-30,40.504522,8.306869,30.779794,5.807974,14.405066
sz000536,2013-01-30,19.750000,19.970000,19.660000,19.970000,0.008077,989830.000000,19558876.000000,2864362320.000000,13988855310.000000,0.006901,38.252865,2012-09-30,2012-10-30,38.944409,7.986914,29.594248,5.584268,13.850225
sz000536,2013-01-29,19.870000,19.870000,19.600000,19.810000,-0.002518,1229826.000000,24245203.300000,2841413000.000000,13876776350.000000,0.008574,37.946372,2012-09-30,2012-10-30,38.632375,7.922920,29.357131,5.539526,13.739254
sz000536,2013-01-28,20.090000,20.380000,19.600000,19.860000,-0.011448,2850087.000000,56604245.870000,2848584660.000000,13911801030.000000,0.019870,38.042163,2012-09-30,2012-10-30,38.729897,7.942921,29.431239,5.553509,13.773936
sz000536,2013-01-25,19.850000,20.200000,19.700000,20.090000,0.011581,1100645.000000,22043830.900000,2881574310.000000,14072914540.000000,0.007674,38.482713,2012-09-30,2012-10-30,39.178411,8.034904,29.772069,5.617822,13.933446
sz000536,2013-01-24,19.710000,20.290000,19.520000,19.860000,0.000000,2073974.000000,41241469.120000,2848584660.000000,13911801030.000000,0.014460,38.042147,2012-09-30,2012-10-30,38.729880,7.942917,29.431226,5.553507,13.773931
sz000536,2013-01-23,20.080000,20.230000,19.300000,19.860000,-0.006006,1815121.000000,35578332.910000,2848584660.000000,13911801030.000000,0.012655,38.042147,2012-09-30,2012-10-30,38.729880,7.942917,29.431226,5.553507,13.773931
sz000536,2013-01-22,20.500000,20.600000,19.730000,19.980000,-0.020588,2007987.000000,40296466.170000,2865796650.000000,13995860250.000000,0.013999,38.272008,2012-09-30,2012-10-30,38.963898,7.990911,29.609058,5.587063,13.857157
sz000536,2013-01-21,20.800000,20.850000,20.300000,20.400000,-0.027645,2361112.000000,48478202.810000,2926038630.000000,14290067520.000000,0.016461,39.076516,2012-09-30,2012-10-30,39.782949,8.158886,30.231464,5.704507,14.148445
sz000536,2013-01-18,21.500000,21.840000,20.510000,20.980000,-0.007099,4045121.000000,84921532.060000,3009229920.000000,14696353760.000000,0.028202,40.187499,2012-09-30,2012-10-30,40.914017,8.390851,31.090974,5.866692,14.550699
sz000536,2013-01-17,20.550000,21.210000,20.530000,21.130000,0.035277,5478946.000000,114708906.010000,3030744910.000000,14801427780.000000,0.038199,40.474830,2012-09-30,2012-10-30,41.206542,8.450843,31.313267,5.908638,14.654733
sz000536,2013-01-16,20.460000,20.570000,20.070000,20.410000,-0.002444,2793878.000000,56697982.680000,2927472960.000000,14297072460.000000,0.019479,39.095652,2012-09-30,2012-10-30,39.802432,8.162881,30.246269,5.707301,14.155374
sz000536,2013-01-15,20.170000,20.900000,20.120000,20.460000,-0.008240,4819664.000000,98241567.480000,2934644620.000000,14332097130.000000,0.033602,39.191436,2012-09-30,2012-10-30,39.899947,8.182880,30.320372,5.721284,14.190054
sz000536,2013-01-14,20.790000,21.100000,20.100000,20.630000,-0.037331,9762356.000000,199380403.090000,2959028280.000000,14451181030.000000,0.068062,39.517057,2012-09-30,2012-10-30,40.231454,8.250867,30.572288,5.768819,14.307952
sz000536,2013-01-11,21.440000,21.440000,20.900000,21.430000,0.099538,11679355.000000,250217993.420000,3073774890.000000,15011575830.000000,0.081427,41.049475,2012-09-30,2012-10-30,41.791576,8.570825,31.757840,5.992526,14.862795
